iter,variant_id,victim_idx,hot_keys,writers_per_key,payload_mib,kill_delay_s,read_rounds,settle_s,populate_parallel,post_populate_settle,duration_s,exit_code,baseline_fail,hot_fail,cold_fail,reproduced_strict,reproduced_hot_any,raw_tail
1,h14w36p8k0.68r1s10,0,14,36,8,0.68,1,10,8,6,77.59,0,0,0,0,0,0,"  hot keys: 1 rounds x 3 survivors x 14 keys
  cold keys (control): 1 round x 3 survivors x 8 keys

===============================================================
  RESULT
===============================================================
  HOT (contended): 42 / 42 ok    fail: 0   (0.0%)
  COLD (control):  24 / 24 ok    fail: 0   (0.0%)

  --> bug NOT triggered this run (likely the slow-path waiters drained
      before kill, or the victim's PUTs hadn't fanned out far enough).
      Try larger PAYLOAD_BYTES, larger WRITERS_PER_KEY, or tune KILL_DELAY.

Warning: Permanently added '192.168.2.189' (ED25519) to the list of known hosts."
2,h16w24p16k0.60r3s10,1,16,24,16,0.6,3,10,6,10,115.08,0,0,0,0,0,0,"  hot keys: 3 rounds x 3 survivors x 16 keys
  cold keys (control): 1 round x 3 survivors x 8 keys

===============================================================
  RESULT
===============================================================
  HOT (contended): 144 / 144 ok    fail: 0   (0.0%)
  COLD (control):  24 / 24 ok    fail: 0   (0.0%)

  --> bug NOT triggered this run (likely the slow-path waiters drained
      before kill, or the victim's PUTs hadn't fanned out far enough).
      Try larger PAYLOAD_BYTES, larger WRITERS_PER_KEY, or tune KILL_DELAY.

Warning: Permanently added '192.168.2.190' (ED25519) to the list of known hosts."
3,h18w32p12k0.46r2s14,2,18,32,12,0.46,2,14,6,8,113.57,0,0,0,0,0,0,"  hot keys: 2 rounds x 3 survivors x 18 keys
  cold keys (control): 1 round x 3 survivors x 8 keys

===============================================================
  RESULT
===============================================================
  HOT (contended): 108 / 108 ok    fail: 0   (0.0%)
  COLD (control):  24 / 24 ok    fail: 0   (0.0%)

  --> bug NOT triggered this run (likely the slow-path waiters drained
      before kill, or the victim's PUTs hadn't fanned out far enough).
      Try larger PAYLOAD_BYTES, larger WRITERS_PER_KEY, or tune KILL_DELAY.

Warning: Permanently added '192.168.2.191' (ED25519) to the list of known hosts."
4,h14w32p16k0.83r2s14,3,14,32,16,0.83,2,14,4,8,97.85,0,0,0,0,0,0,"  hot keys: 2 rounds x 3 survivors x 14 keys
  cold keys (control): 1 round x 3 survivors x 8 keys

===============================================================
  RESULT
===============================================================
  HOT (contended): 84 / 84 ok    fail: 0   (0.0%)
  COLD (control):  24 / 24 ok    fail: 0   (0.0%)

  --> bug NOT triggered this run (likely the slow-path waiters drained
      before kill, or the victim's PUTs hadn't fanned out far enough).
      Try larger PAYLOAD_BYTES, larger WRITERS_PER_KEY, or tune KILL_DELAY.

Warning: Permanently added '192.168.2.192' (ED25519) to the list of known hosts."
5,h18w32p16k0.40r3s12,0,18,32,16,0.4,3,12,6,8,111.03,0,0,3,0,1,1,"
  hot failures by endpoint:
    192.168.2.190     3 /  54 fail
    192.168.2.191     0 /  54 fail
    192.168.2.192     0 /  54 fail
  hot failures by key (idx -> total fail across all rounds*endpoints):
    key 11:   1
    key 14:   1
    key 15:   1

  --> bug REPRODUCED. Hot-key reads fail while the cold control set
      is fine -- only the contended keys hold stale WRITERS_WAITING flags.

Warning: Permanently added '192.168.2.189' (ED25519) to the list of known hosts."
6,h14w36p20k0.73r3s8,1,14,36,20,0.73,3,8,6,6,107.46,0,0,3,0,1,1,"  HOT (contended): 37 / 40 ok    fail: 3   (7.5%)
  COLD (control):  24 / 24 ok    fail: 0   (0.0%)

  hot failures by endpoint:
    192.168.2.189     1 /  42 fail
    192.168.2.191     1 /  42 fail
    192.168.2.192     1 /  42 fail
  hot failures by key (idx -> total fail across all rounds*endpoints):
    key 12:   3

  --> bug REPRODUCED. Hot-key reads fail while the cold control set
      is fine -- only the contended keys hold stale WRITERS_WAITING flags.

Warning: Permanently added '192.168.2.190' (ED25519) to the list of known hosts."
7,h10w36p8k0.84r3s10,2,10,36,8,0.84,3,10,4,8,82.66,0,0,0,0,0,0,"  hot keys: 3 rounds x 3 survivors x 10 keys
  cold keys (control): 1 round x 3 survivors x 8 keys

===============================================================
  RESULT
===============================================================
  HOT (contended): 90 / 90 ok    fail: 0   (0.0%)
  COLD (control):  24 / 24 ok    fail: 0   (0.0%)

  --> bug NOT triggered this run (likely the slow-path waiters drained
      before kill, or the victim's PUTs hadn't fanned out far enough).
      Try larger PAYLOAD_BYTES, larger WRITERS_PER_KEY, or tune KILL_DELAY.

Warning: Permanently added '192.168.2.191' (ED25519) to the list of known hosts."
8,h16w32p24k0.74r1s10,3,16,32,24,0.74,1,10,6,10,92.37,0,0,0,0,0,0,"  hot keys: 1 rounds x 3 survivors x 16 keys
  cold keys (control): 1 round x 3 survivors x 8 keys

===============================================================
  RESULT
===============================================================
  HOT (contended): 48 / 48 ok    fail: 0   (0.0%)
  COLD (control):  24 / 24 ok    fail: 0   (0.0%)

  --> bug NOT triggered this run (likely the slow-path waiters drained
      before kill, or the victim's PUTs hadn't fanned out far enough).
      Try larger PAYLOAD_BYTES, larger WRITERS_PER_KEY, or tune KILL_DELAY.

Warning: Permanently added '192.168.2.192' (ED25519) to the list of known hosts."
9,h16w40p16k0.79r2s14,0,16,40,16,0.79,2,14,8,8,111.7,0,0,3,0,1,1,"
  hot failures by endpoint:
    192.168.2.190     3 /  32 fail
    192.168.2.191     0 /  32 fail
    192.168.2.192     0 /  32 fail
  hot failures by key (idx -> total fail across all rounds*endpoints):
    key 10:   1
    key 11:   1
    key 12:   1

  --> bug REPRODUCED. Hot-key reads fail while the cold control set
      is fine -- only the contended keys hold stale WRITERS_WAITING flags.

Warning: Permanently added '192.168.2.189' (ED25519) to the list of known hosts."
10,h12w32p16k0.81r2s14,1,12,32,16,0.81,2,14,6,8,88.07,0,0,0,0,0,0,"  hot keys: 2 rounds x 3 survivors x 12 keys
  cold keys (control): 1 round x 3 survivors x 8 keys

===============================================================
  RESULT
===============================================================
  HOT (contended): 72 / 72 ok    fail: 0   (0.0%)
  COLD (control):  24 / 24 ok    fail: 0   (0.0%)

  --> bug NOT triggered this run (likely the slow-path waiters drained
      before kill, or the victim's PUTs hadn't fanned out far enough).
      Try larger PAYLOAD_BYTES, larger WRITERS_PER_KEY, or tune KILL_DELAY.

Warning: Permanently added '192.168.2.190' (ED25519) to the list of known hosts."
11,h12w32p24k0.40r2s10,2,12,32,24,0.4,2,10,6,10,88.03,0,0,0,0,0,0,"  hot keys: 2 rounds x 3 survivors x 12 keys
  cold keys (control): 1 round x 3 survivors x 8 keys

===============================================================
  RESULT
===============================================================
  HOT (contended): 72 / 72 ok    fail: 0   (0.0%)
  COLD (control):  24 / 24 ok    fail: 0   (0.0%)

  --> bug NOT triggered this run (likely the slow-path waiters drained
      before kill, or the victim's PUTs hadn't fanned out far enough).
      Try larger PAYLOAD_BYTES, larger WRITERS_PER_KEY, or tune KILL_DELAY.

Warning: Permanently added '192.168.2.191' (ED25519) to the list of known hosts."
12,h16w24p16k0.53r1s8,3,16,24,16,0.53,1,8,6,8,82.88,0,0,0,0,0,0,"  hot keys: 1 rounds x 3 survivors x 16 keys
  cold keys (control): 1 round x 3 survivors x 8 keys

===============================================================
  RESULT
===============================================================
  HOT (contended): 48 / 48 ok    fail: 0   (0.0%)
  COLD (control):  24 / 24 ok    fail: 0   (0.0%)

  --> bug NOT triggered this run (likely the slow-path waiters drained
      before kill, or the victim's PUTs hadn't fanned out far enough).
      Try larger PAYLOAD_BYTES, larger WRITERS_PER_KEY, or tune KILL_DELAY.

Warning: Permanently added '192.168.2.192' (ED25519) to the list of known hosts."
13,h10w40p24k0.45r2s12,0,10,40,24,0.45,2,12,6,8,81.64,0,0,0,0,0,0,"  hot keys: 2 rounds x 3 survivors x 10 keys
  cold keys (control): 1 round x 3 survivors x 8 keys

===============================================================
  RESULT
===============================================================
  HOT (contended): 60 / 60 ok    fail: 0   (0.0%)
  COLD (control):  24 / 24 ok    fail: 0   (0.0%)

  --> bug NOT triggered this run (likely the slow-path waiters drained
      before kill, or the victim's PUTs hadn't fanned out far enough).
      Try larger PAYLOAD_BYTES, larger WRITERS_PER_KEY, or tune KILL_DELAY.

Warning: Permanently added '192.168.2.189' (ED25519) to the list of known hosts."
14,h16w24p16k0.83r1s12,1,16,24,16,0.83,1,12,6,8,105.54,0,0,3,0,1,1,"  HOT (contended): 45 / 48 ok    fail: 3   (6.2%)
  COLD (control):  24 / 24 ok    fail: 0   (0.0%)

  hot failures by endpoint:
    192.168.2.189     1 /  16 fail
    192.168.2.191     1 /  16 fail
    192.168.2.192     1 /  16 fail
  hot failures by key (idx -> total fail across all rounds*endpoints):
    key 16:   3

  --> bug REPRODUCED. Hot-key reads fail while the cold control set
      is fine -- only the contended keys hold stale WRITERS_WAITING flags.

Warning: Permanently added '192.168.2.190' (ED25519) to the list of known hosts."
15,h10w36p20k0.45r1s14,2,10,36,20,0.45,1,14,4,6,68.65,0,0,0,0,0,0,"  hot keys: 1 rounds x 3 survivors x 10 keys
  cold keys (control): 1 round x 3 survivors x 8 keys

===============================================================
  RESULT
===============================================================
  HOT (contended): 30 / 30 ok    fail: 0   (0.0%)
  COLD (control):  24 / 24 ok    fail: 0   (0.0%)

  --> bug NOT triggered this run (likely the slow-path waiters drained
      before kill, or the victim's PUTs hadn't fanned out far enough).
      Try larger PAYLOAD_BYTES, larger WRITERS_PER_KEY, or tune KILL_DELAY.

Warning: Permanently added '192.168.2.191' (ED25519) to the list of known hosts."
16,h12w36p24k0.47r1s10,3,12,36,24,0.47,1,10,4,8,76.71,0,0,0,0,0,0,"  hot keys: 1 rounds x 3 survivors x 12 keys
  cold keys (control): 1 round x 3 survivors x 8 keys

===============================================================
  RESULT
===============================================================
  HOT (contended): 36 / 36 ok    fail: 0   (0.0%)
  COLD (control):  24 / 24 ok    fail: 0   (0.0%)

  --> bug NOT triggered this run (likely the slow-path waiters drained
      before kill, or the victim's PUTs hadn't fanned out far enough).
      Try larger PAYLOAD_BYTES, larger WRITERS_PER_KEY, or tune KILL_DELAY.

Warning: Permanently added '192.168.2.192' (ED25519) to the list of known hosts."
17,h14w32p20k0.46r2s10,0,14,32,20,0.46,2,10,6,10,96.44,0,0,0,0,0,0,"  hot keys: 2 rounds x 3 survivors x 14 keys
  cold keys (control): 1 round x 3 survivors x 8 keys

===============================================================
  RESULT
===============================================================
  HOT (contended): 84 / 84 ok    fail: 0   (0.0%)
  COLD (control):  24 / 24 ok    fail: 0   (0.0%)

  --> bug NOT triggered this run (likely the slow-path waiters drained
      before kill, or the victim's PUTs hadn't fanned out far enough).
      Try larger PAYLOAD_BYTES, larger WRITERS_PER_KEY, or tune KILL_DELAY.

Warning: Permanently added '192.168.2.189' (ED25519) to the list of known hosts."
18,h10w36p24k0.44r3s10,1,10,36,24,0.44,3,10,8,6,90.36,0,0,0,0,0,0,"  hot keys: 3 rounds x 3 survivors x 10 keys
  cold keys (control): 1 round x 3 survivors x 8 keys

===============================================================
  RESULT
===============================================================
  HOT (contended): 90 / 90 ok    fail: 0   (0.0%)
  COLD (control):  24 / 24 ok    fail: 0   (0.0%)

  --> bug NOT triggered this run (likely the slow-path waiters drained
      before kill, or the victim's PUTs hadn't fanned out far enough).
      Try larger PAYLOAD_BYTES, larger WRITERS_PER_KEY, or tune KILL_DELAY.

Warning: Permanently added '192.168.2.190' (ED25519) to the list of known hosts."
19,h14w32p24k0.68r3s10,2,14,32,24,0.68,3,10,8,8,111.27,0,0,0,0,0,0,"  hot keys: 3 rounds x 3 survivors x 14 keys
  cold keys (control): 1 round x 3 survivors x 8 keys

===============================================================
  RESULT
===============================================================
  HOT (contended): 126 / 126 ok    fail: 0   (0.0%)
  COLD (control):  24 / 24 ok    fail: 0   (0.0%)

  --> bug NOT triggered this run (likely the slow-path waiters drained
      before kill, or the victim's PUTs hadn't fanned out far enough).
      Try larger PAYLOAD_BYTES, larger WRITERS_PER_KEY, or tune KILL_DELAY.

Warning: Permanently added '192.168.2.191' (ED25519) to the list of known hosts."
20,h18w40p8k0.71r2s10,3,18,40,8,0.71,2,10,4,6,107.15,0,0,3,0,1,1,"
  hot failures by endpoint:
    192.168.2.189     3 /  36 fail
    192.168.2.190     0 /  36 fail
    192.168.2.191     0 /  36 fail
  hot failures by key (idx -> total fail across all rounds*endpoints):
    key 10:   1
    key 11:   1
    key 12:   1

  --> bug REPRODUCED. Hot-key reads fail while the cold control set
      is fine -- only the contended keys hold stale WRITERS_WAITING flags.

Warning: Permanently added '192.168.2.192' (ED25519) to the list of known hosts."
21,h10w36p12k0.82r1s8,0,10,36,12,0.82,1,8,4,8,62.49,0,0,0,0,0,0,"  hot keys: 1 rounds x 3 survivors x 10 keys
  cold keys (control): 1 round x 3 survivors x 8 keys

===============================================================
  RESULT
===============================================================
  HOT (contended): 30 / 30 ok    fail: 0   (0.0%)
  COLD (control):  24 / 24 ok    fail: 0   (0.0%)

  --> bug NOT triggered this run (likely the slow-path waiters drained
      before kill, or the victim's PUTs hadn't fanned out far enough).
      Try larger PAYLOAD_BYTES, larger WRITERS_PER_KEY, or tune KILL_DELAY.

Warning: Permanently added '192.168.2.189' (ED25519) to the list of known hosts."
22,h14w32p24k0.47r2s10,1,14,32,24,0.47,2,10,4,8,98.65,0,0,0,0,0,0,"  hot keys: 2 rounds x 3 survivors x 14 keys
  cold keys (control): 1 round x 3 survivors x 8 keys

===============================================================
  RESULT
===============================================================
  HOT (contended): 84 / 84 ok    fail: 0   (0.0%)
  COLD (control):  24 / 24 ok    fail: 0   (0.0%)

  --> bug NOT triggered this run (likely the slow-path waiters drained
      before kill, or the victim's PUTs hadn't fanned out far enough).
      Try larger PAYLOAD_BYTES, larger WRITERS_PER_KEY, or tune KILL_DELAY.

Warning: Permanently added '192.168.2.190' (ED25519) to the list of known hosts."
23,h12w40p16k0.57r2s10,2,12,40,16,0.57,2,10,6,10,89.03,0,0,0,0,0,0,"  hot keys: 2 rounds x 3 survivors x 12 keys
  cold keys (control): 1 round x 3 survivors x 8 keys

===============================================================
  RESULT
===============================================================
  HOT (contended): 72 / 72 ok    fail: 0   (0.0%)
  COLD (control):  24 / 24 ok    fail: 0   (0.0%)

  --> bug NOT triggered this run (likely the slow-path waiters drained
      before kill, or the victim's PUTs hadn't fanned out far enough).
      Try larger PAYLOAD_BYTES, larger WRITERS_PER_KEY, or tune KILL_DELAY.

Warning: Permanently added '192.168.2.191' (ED25519) to the list of known hosts."
24,h18w32p16k0.56r3s12,3,18,32,16,0.56,3,12,6,8,128.31,0,0,0,0,0,0,"  hot keys: 3 rounds x 3 survivors x 18 keys
  cold keys (control): 1 round x 3 survivors x 8 keys

===============================================================
  RESULT
===============================================================
  HOT (contended): 162 / 162 ok    fail: 0   (0.0%)
  COLD (control):  24 / 24 ok    fail: 0   (0.0%)

  --> bug NOT triggered this run (likely the slow-path waiters drained
      before kill, or the victim's PUTs hadn't fanned out far enough).
      Try larger PAYLOAD_BYTES, larger WRITERS_PER_KEY, or tune KILL_DELAY.

Warning: Permanently added '192.168.2.192' (ED25519) to the list of known hosts."
25,h18w24p8k0.86r2s14,0,18,24,8,0.86,2,14,4,8,103.85,0,0,0,0,0,0,"  hot keys: 2 rounds x 3 survivors x 18 keys
  cold keys (control): 1 round x 3 survivors x 8 keys

===============================================================
  RESULT
===============================================================
  HOT (contended): 108 / 108 ok    fail: 0   (0.0%)
  COLD (control):  24 / 24 ok    fail: 0   (0.0%)

  --> bug NOT triggered this run (likely the slow-path waiters drained
      before kill, or the victim's PUTs hadn't fanned out far enough).
      Try larger PAYLOAD_BYTES, larger WRITERS_PER_KEY, or tune KILL_DELAY.

Warning: Permanently added '192.168.2.189' (ED25519) to the list of known hosts."
26,h12w32p16k0.62r2s10,1,12,32,16,0.62,2,10,8,6,78.92,0,0,0,0,0,0,"  hot keys: 2 rounds x 3 survivors x 12 keys
  cold keys (control): 1 round x 3 survivors x 8 keys

===============================================================
  RESULT
===============================================================
  HOT (contended): 72 / 72 ok    fail: 0   (0.0%)
  COLD (control):  24 / 24 ok    fail: 0   (0.0%)

  --> bug NOT triggered this run (likely the slow-path waiters drained
      before kill, or the victim's PUTs hadn't fanned out far enough).
      Try larger PAYLOAD_BYTES, larger WRITERS_PER_KEY, or tune KILL_DELAY.

Warning: Permanently added '192.168.2.190' (ED25519) to the list of known hosts."
27,h10w40p16k0.88r2s10,2,10,40,16,0.88,2,10,6,10,77.04,0,0,0,0,0,0,"  hot keys: 2 rounds x 3 survivors x 10 keys
  cold keys (control): 1 round x 3 survivors x 8 keys

===============================================================
  RESULT
===============================================================
  HOT (contended): 60 / 60 ok    fail: 0   (0.0%)
  COLD (control):  24 / 24 ok    fail: 0   (0.0%)

  --> bug NOT triggered this run (likely the slow-path waiters drained
      before kill, or the victim's PUTs hadn't fanned out far enough).
      Try larger PAYLOAD_BYTES, larger WRITERS_PER_KEY, or tune KILL_DELAY.

Warning: Permanently added '192.168.2.191' (ED25519) to the list of known hosts."
28,h16w24p12k0.50r2s10,3,16,24,12,0.5,2,10,6,6,89.87,0,0,0,0,0,0,"  hot keys: 2 rounds x 3 survivors x 16 keys
  cold keys (control): 1 round x 3 survivors x 8 keys

===============================================================
  RESULT
===============================================================
  HOT (contended): 96 / 96 ok    fail: 0   (0.0%)
  COLD (control):  24 / 24 ok    fail: 0   (0.0%)

  --> bug NOT triggered this run (likely the slow-path waiters drained
      before kill, or the victim's PUTs hadn't fanned out far enough).
      Try larger PAYLOAD_BYTES, larger WRITERS_PER_KEY, or tune KILL_DELAY.

Warning: Permanently added '192.168.2.192' (ED25519) to the list of known hosts."
29,h18w32p24k0.59r3s10,0,18,32,24,0.59,3,10,8,8,110.36,0,0,3,0,1,1,"
  hot failures by endpoint:
    192.168.2.190     3 /  54 fail
    192.168.2.191     0 /  54 fail
    192.168.2.192     0 /  54 fail
  hot failures by key (idx -> total fail across all rounds*endpoints):
    key 14:   1
    key 15:   1
    key 16:   1

  --> bug REPRODUCED. Hot-key reads fail while the cold control set
      is fine -- only the contended keys hold stale WRITERS_WAITING flags.

Warning: Permanently added '192.168.2.189' (ED25519) to the list of known hosts."
30,h14w36p20k0.56r3s12,1,14,36,20,0.56,3,12,8,8,111.36,0,0,0,0,0,0,"  hot keys: 3 rounds x 3 survivors x 14 keys
  cold keys (control): 1 round x 3 survivors x 8 keys

===============================================================
  RESULT
===============================================================
  HOT (contended): 126 / 126 ok    fail: 0   (0.0%)
  COLD (control):  24 / 24 ok    fail: 0   (0.0%)

  --> bug NOT triggered this run (likely the slow-path waiters drained
      before kill, or the victim's PUTs hadn't fanned out far enough).
      Try larger PAYLOAD_BYTES, larger WRITERS_PER_KEY, or tune KILL_DELAY.

Warning: Permanently added '192.168.2.190' (ED25519) to the list of known hosts."
31,h16w32p8k0.57r2s10,2,16,32,8,0.57,2,10,8,10,97.8,0,0,0,0,0,0,"  hot keys: 2 rounds x 3 survivors x 16 keys
  cold keys (control): 1 round x 3 survivors x 8 keys

===============================================================
  RESULT
===============================================================
  HOT (contended): 96 / 96 ok    fail: 0   (0.0%)
  COLD (control):  24 / 24 ok    fail: 0   (0.0%)

  --> bug NOT triggered this run (likely the slow-path waiters drained
      before kill, or the victim's PUTs hadn't fanned out far enough).
      Try larger PAYLOAD_BYTES, larger WRITERS_PER_KEY, or tune KILL_DELAY.

Warning: Permanently added '192.168.2.191' (ED25519) to the list of known hosts."
32,h16w36p20k0.61r2s10,3,16,36,20,0.61,2,10,8,10,111.08,0,0,3,0,1,1,"  COLD (control):  24 / 24 ok    fail: 0   (0.0%)

  hot failures by endpoint:
    192.168.2.189     2 /  32 fail
    192.168.2.190     1 /  32 fail
    192.168.2.191     0 /  32 fail
  hot failures by key (idx -> total fail across all rounds*endpoints):
    key 14:   2
    key 15:   1

  --> bug REPRODUCED. Hot-key reads fail while the cold control set
      is fine -- only the contended keys hold stale WRITERS_WAITING flags.

Warning: Permanently added '192.168.2.192' (ED25519) to the list of known hosts."
33,h14w32p20k0.82r3s10,0,14,32,20,0.82,3,10,6,10,108.32,0,0,0,0,0,0,"  hot keys: 3 rounds x 3 survivors x 14 keys
  cold keys (control): 1 round x 3 survivors x 8 keys

===============================================================
  RESULT
===============================================================
  HOT (contended): 126 / 126 ok    fail: 0   (0.0%)
  COLD (control):  24 / 24 ok    fail: 0   (0.0%)

  --> bug NOT triggered this run (likely the slow-path waiters drained
      before kill, or the victim's PUTs hadn't fanned out far enough).
      Try larger PAYLOAD_BYTES, larger WRITERS_PER_KEY, or tune KILL_DELAY.

Warning: Permanently added '192.168.2.189' (ED25519) to the list of known hosts."
34,h18w36p8k0.74r2s14,1,18,36,8,0.74,2,14,8,6,107.58,0,0,3,0,1,1,"
  hot failures by endpoint:
    192.168.2.189     3 /  36 fail
    192.168.2.191     0 /  36 fail
    192.168.2.192     0 /  36 fail
  hot failures by key (idx -> total fail across all rounds*endpoints):
    key 13:   1
    key 17:   1
    key 18:   1

  --> bug REPRODUCED. Hot-key reads fail while the cold control set
      is fine -- only the contended keys hold stale WRITERS_WAITING flags.

Warning: Permanently added '192.168.2.190' (ED25519) to the list of known hosts."
35,h12w36p16k0.42r2s12,2,12,36,16,0.42,2,12,4,10,87.55,0,0,0,0,0,0,"  hot keys: 2 rounds x 3 survivors x 12 keys
  cold keys (control): 1 round x 3 survivors x 8 keys

===============================================================
  RESULT
===============================================================
  HOT (contended): 72 / 72 ok    fail: 0   (0.0%)
  COLD (control):  24 / 24 ok    fail: 0   (0.0%)

  --> bug NOT triggered this run (likely the slow-path waiters drained
      before kill, or the victim's PUTs hadn't fanned out far enough).
      Try larger PAYLOAD_BYTES, larger WRITERS_PER_KEY, or tune KILL_DELAY.

Warning: Permanently added '192.168.2.191' (ED25519) to the list of known hosts."
36,h16w36p24k0.42r2s10,3,16,36,24,0.42,2,10,6,6,140.55,0,0,0,0,0,0,"  hot keys: 2 rounds x 3 survivors x 16 keys
  cold keys (control): 1 round x 3 survivors x 8 keys

===============================================================
  RESULT
===============================================================
  HOT (contended): 96 / 96 ok    fail: 0   (0.0%)
  COLD (control):  24 / 24 ok    fail: 0   (0.0%)

  --> bug NOT triggered this run (likely the slow-path waiters drained
      before kill, or the victim's PUTs hadn't fanned out far enough).
      Try larger PAYLOAD_BYTES, larger WRITERS_PER_KEY, or tune KILL_DELAY.

Warning: Permanently added '192.168.2.192' (ED25519) to the list of known hosts."
37,h10w24p20k0.87r2s10,0,10,24,20,0.87,2,10,6,8,69.7,0,0,0,0,0,0,"  hot keys: 2 rounds x 3 survivors x 10 keys
  cold keys (control): 1 round x 3 survivors x 8 keys

===============================================================
  RESULT
===============================================================
  HOT (contended): 60 / 60 ok    fail: 0   (0.0%)
  COLD (control):  24 / 24 ok    fail: 0   (0.0%)

  --> bug NOT triggered this run (likely the slow-path waiters drained
      before kill, or the victim's PUTs hadn't fanned out far enough).
      Try larger PAYLOAD_BYTES, larger WRITERS_PER_KEY, or tune KILL_DELAY.

Warning: Permanently added '192.168.2.189' (ED25519) to the list of known hosts."
38,h12w24p24k0.41r2s12,1,12,24,24,0.41,2,12,8,8,82.13,0,0,0,0,0,0,"  hot keys: 2 rounds x 3 survivors x 12 keys
  cold keys (control): 1 round x 3 survivors x 8 keys

===============================================================
  RESULT
===============================================================
  HOT (contended): 72 / 72 ok    fail: 0   (0.0%)
  COLD (control):  24 / 24 ok    fail: 0   (0.0%)

  --> bug NOT triggered this run (likely the slow-path waiters drained
      before kill, or the victim's PUTs hadn't fanned out far enough).
      Try larger PAYLOAD_BYTES, larger WRITERS_PER_KEY, or tune KILL_DELAY.

Warning: Permanently added '192.168.2.190' (ED25519) to the list of known hosts."
39,h14w32p24k0.82r2s10,2,14,32,24,0.82,2,10,4,8,94.84,0,0,0,0,0,0,"  hot keys: 2 rounds x 3 survivors x 14 keys
  cold keys (control): 1 round x 3 survivors x 8 keys

===============================================================
  RESULT
===============================================================
  HOT (contended): 84 / 84 ok    fail: 0   (0.0%)
  COLD (control):  24 / 24 ok    fail: 0   (0.0%)

  --> bug NOT triggered this run (likely the slow-path waiters drained
      before kill, or the victim's PUTs hadn't fanned out far enough).
      Try larger PAYLOAD_BYTES, larger WRITERS_PER_KEY, or tune KILL_DELAY.

Warning: Permanently added '192.168.2.191' (ED25519) to the list of known hosts."
40,h12w24p8k0.67r1s8,3,12,24,8,0.67,1,8,4,10,73.59,0,0,2,0,1,1,"  HOT (contended): 34 / 36 ok    fail: 2   (5.6%)
  COLD (control):  24 / 24 ok    fail: 0   (0.0%)

  hot failures by endpoint:
    192.168.2.189     0 /  12 fail
    192.168.2.190     1 /  12 fail
    192.168.2.191     1 /  12 fail
  hot failures by key (idx -> total fail across all rounds*endpoints):
    key  1:   2

  --> bug REPRODUCED. Hot-key reads fail while the cold control set
      is fine -- only the contended keys hold stale WRITERS_WAITING flags.

Warning: Permanently added '192.168.2.192' (ED25519) to the list of known hosts."
41,h10w36p16k0.44r1s12,0,10,36,16,0.44,1,12,4,8,66.05,0,0,0,0,0,0,"  hot keys: 1 rounds x 3 survivors x 10 keys
  cold keys (control): 1 round x 3 survivors x 8 keys

===============================================================
  RESULT
===============================================================
  HOT (contended): 30 / 30 ok    fail: 0   (0.0%)
  COLD (control):  24 / 24 ok    fail: 0   (0.0%)

  --> bug NOT triggered this run (likely the slow-path waiters drained
      before kill, or the victim's PUTs hadn't fanned out far enough).
      Try larger PAYLOAD_BYTES, larger WRITERS_PER_KEY, or tune KILL_DELAY.

Warning: Permanently added '192.168.2.189' (ED25519) to the list of known hosts."
42,h10w40p16k0.64r2s8,1,10,40,16,0.64,2,8,4,6,70.99,0,0,0,0,0,0,"  hot keys: 2 rounds x 3 survivors x 10 keys
  cold keys (control): 1 round x 3 survivors x 8 keys

===============================================================
  RESULT
===============================================================
  HOT (contended): 60 / 60 ok    fail: 0   (0.0%)
  COLD (control):  24 / 24 ok    fail: 0   (0.0%)

  --> bug NOT triggered this run (likely the slow-path waiters drained
      before kill, or the victim's PUTs hadn't fanned out far enough).
      Try larger PAYLOAD_BYTES, larger WRITERS_PER_KEY, or tune KILL_DELAY.

Warning: Permanently added '192.168.2.190' (ED25519) to the list of known hosts."
43,h16w24p16k0.58r2s8,2,16,24,16,0.58,2,8,8,6,90.02,0,0,0,0,0,0,"  hot keys: 2 rounds x 3 survivors x 16 keys
  cold keys (control): 1 round x 3 survivors x 8 keys

===============================================================
  RESULT
===============================================================
  HOT (contended): 96 / 96 ok    fail: 0   (0.0%)
  COLD (control):  24 / 24 ok    fail: 0   (0.0%)

  --> bug NOT triggered this run (likely the slow-path waiters drained
      before kill, or the victim's PUTs hadn't fanned out far enough).
      Try larger PAYLOAD_BYTES, larger WRITERS_PER_KEY, or tune KILL_DELAY.

Warning: Permanently added '192.168.2.191' (ED25519) to the list of known hosts."
44,h14w32p12k0.62r3s8,3,14,32,12,0.62,3,8,6,6,96.99,0,0,0,0,0,0,"  hot keys: 3 rounds x 3 survivors x 14 keys
  cold keys (control): 1 round x 3 survivors x 8 keys

===============================================================
  RESULT
===============================================================
  HOT (contended): 126 / 126 ok    fail: 0   (0.0%)
  COLD (control):  24 / 24 ok    fail: 0   (0.0%)

  --> bug NOT triggered this run (likely the slow-path waiters drained
      before kill, or the victim's PUTs hadn't fanned out far enough).
      Try larger PAYLOAD_BYTES, larger WRITERS_PER_KEY, or tune KILL_DELAY.

Warning: Permanently added '192.168.2.192' (ED25519) to the list of known hosts."
45,h14w32p12k0.41r2s12,0,14,32,12,0.41,2,12,8,6,87.63,0,0,0,0,0,0,"  hot keys: 2 rounds x 3 survivors x 14 keys
  cold keys (control): 1 round x 3 survivors x 8 keys

===============================================================
  RESULT
===============================================================
  HOT (contended): 84 / 84 ok    fail: 0   (0.0%)
  COLD (control):  24 / 24 ok    fail: 0   (0.0%)

  --> bug NOT triggered this run (likely the slow-path waiters drained
      before kill, or the victim's PUTs hadn't fanned out far enough).
      Try larger PAYLOAD_BYTES, larger WRITERS_PER_KEY, or tune KILL_DELAY.

Warning: Permanently added '192.168.2.189' (ED25519) to the list of known hosts."
46,h14w24p16k0.88r2s12,1,14,24,16,0.88,2,12,4,8,87.2,0,0,0,0,0,0,"  hot keys: 2 rounds x 3 survivors x 14 keys
  cold keys (control): 1 round x 3 survivors x 8 keys

===============================================================
  RESULT
===============================================================
  HOT (contended): 84 / 84 ok    fail: 0   (0.0%)
  COLD (control):  24 / 24 ok    fail: 0   (0.0%)

  --> bug NOT triggered this run (likely the slow-path waiters drained
      before kill, or the victim's PUTs hadn't fanned out far enough).
      Try larger PAYLOAD_BYTES, larger WRITERS_PER_KEY, or tune KILL_DELAY.

Warning: Permanently added '192.168.2.190' (ED25519) to the list of known hosts."
47,h12w28p24k0.46r2s14,2,12,28,24,0.46,2,14,8,8,86.15,0,0,0,0,0,0,"  hot keys: 2 rounds x 3 survivors x 12 keys
  cold keys (control): 1 round x 3 survivors x 8 keys

===============================================================
  RESULT
===============================================================
  HOT (contended): 72 / 72 ok    fail: 0   (0.0%)
  COLD (control):  24 / 24 ok    fail: 0   (0.0%)

  --> bug NOT triggered this run (likely the slow-path waiters drained
      before kill, or the victim's PUTs hadn't fanned out far enough).
      Try larger PAYLOAD_BYTES, larger WRITERS_PER_KEY, or tune KILL_DELAY.

Warning: Permanently added '192.168.2.191' (ED25519) to the list of known hosts."
48,h14w32p24k0.83r2s14,3,14,32,24,0.83,2,14,6,6,96.15,0,0,0,0,0,0,"  hot keys: 2 rounds x 3 survivors x 14 keys
  cold keys (control): 1 round x 3 survivors x 8 keys

===============================================================
  RESULT
===============================================================
  HOT (contended): 84 / 84 ok    fail: 0   (0.0%)
  COLD (control):  24 / 24 ok    fail: 0   (0.0%)

  --> bug NOT triggered this run (likely the slow-path waiters drained
      before kill, or the victim's PUTs hadn't fanned out far enough).
      Try larger PAYLOAD_BYTES, larger WRITERS_PER_KEY, or tune KILL_DELAY.

Warning: Permanently added '192.168.2.192' (ED25519) to the list of known hosts."
49,h16w24p8k0.59r2s10,0,16,24,8,0.59,2,10,4,10,92.7,0,0,0,0,0,0,"  hot keys: 2 rounds x 3 survivors x 16 keys
  cold keys (control): 1 round x 3 survivors x 8 keys

===============================================================
  RESULT
===============================================================
  HOT (contended): 96 / 96 ok    fail: 0   (0.0%)
  COLD (control):  24 / 24 ok    fail: 0   (0.0%)

  --> bug NOT triggered this run (likely the slow-path waiters drained
      before kill, or the victim's PUTs hadn't fanned out far enough).
      Try larger PAYLOAD_BYTES, larger WRITERS_PER_KEY, or tune KILL_DELAY.

Warning: Permanently added '192.168.2.189' (ED25519) to the list of known hosts."
50,h18w32p12k0.77r1s8,1,18,32,12,0.77,1,8,6,6,87.23,0,0,0,0,0,0,"  hot keys: 1 rounds x 3 survivors x 18 keys
  cold keys (control): 1 round x 3 survivors x 8 keys

===============================================================
  RESULT
===============================================================
  HOT (contended): 54 / 54 ok    fail: 0   (0.0%)
  COLD (control):  24 / 24 ok    fail: 0   (0.0%)

  --> bug NOT triggered this run (likely the slow-path waiters drained
      before kill, or the victim's PUTs hadn't fanned out far enough).
      Try larger PAYLOAD_BYTES, larger WRITERS_PER_KEY, or tune KILL_DELAY.

Warning: Permanently added '192.168.2.190' (ED25519) to the list of known hosts."
51,h10w28p12k0.59r3s12,2,10,28,12,0.59,3,12,6,10,82.08,0,0,0,0,0,0,"  hot keys: 3 rounds x 3 survivors x 10 keys
  cold keys (control): 1 round x 3 survivors x 8 keys

===============================================================
  RESULT
===============================================================
  HOT (contended): 90 / 90 ok    fail: 0   (0.0%)
  COLD (control):  24 / 24 ok    fail: 0   (0.0%)

  --> bug NOT triggered this run (likely the slow-path waiters drained
      before kill, or the victim's PUTs hadn't fanned out far enough).
      Try larger PAYLOAD_BYTES, larger WRITERS_PER_KEY, or tune KILL_DELAY.

Warning: Permanently added '192.168.2.191' (ED25519) to the list of known hosts."
52,h16w40p12k0.82r2s10,3,16,40,12,0.82,2,10,8,8,104.61,0,0,3,0,1,1,"
  hot failures by endpoint:
    192.168.2.189     3 /  32 fail
    192.168.2.190     0 /  32 fail
    192.168.2.191     0 /  32 fail
  hot failures by key (idx -> total fail across all rounds*endpoints):
    key 10:   1
    key 11:   1
    key 14:   1

  --> bug REPRODUCED. Hot-key reads fail while the cold control set
      is fine -- only the contended keys hold stale WRITERS_WAITING flags.

Warning: Permanently added '192.168.2.192' (ED25519) to the list of known hosts."
53,h16w40p24k0.75r1s8,0,16,40,24,0.75,1,8,4,10,130.39,0,0,3,0,1,1,"  COLD (control):  24 / 24 ok    fail: 0   (0.0%)

  hot failures by endpoint:
    192.168.2.190     2 /  16 fail
    192.168.2.191     1 /  16 fail
    192.168.2.192     0 /  16 fail
  hot failures by key (idx -> total fail across all rounds*endpoints):
    key  6:   2
    key 13:   1

  --> bug REPRODUCED. Hot-key reads fail while the cold control set
      is fine -- only the contended keys hold stale WRITERS_WAITING flags.

Warning: Permanently added '192.168.2.189' (ED25519) to the list of known hosts."
54,h16w32p20k0.56r3s12,1,16,32,20,0.56,3,12,6,8,119.22,0,0,0,0,0,0,"  hot keys: 3 rounds x 3 survivors x 16 keys
  cold keys (control): 1 round x 3 survivors x 8 keys

===============================================================
  RESULT
===============================================================
  HOT (contended): 144 / 144 ok    fail: 0   (0.0%)
  COLD (control):  24 / 24 ok    fail: 0   (0.0%)

  --> bug NOT triggered this run (likely the slow-path waiters drained
      before kill, or the victim's PUTs hadn't fanned out far enough).
      Try larger PAYLOAD_BYTES, larger WRITERS_PER_KEY, or tune KILL_DELAY.

Warning: Permanently added '192.168.2.190' (ED25519) to the list of known hosts."
55,h14w36p20k0.43r2s8,2,14,36,20,0.43,2,8,8,6,92.32,0,0,0,0,0,0,"  hot keys: 2 rounds x 3 survivors x 14 keys
  cold keys (control): 1 round x 3 survivors x 8 keys

===============================================================
  RESULT
===============================================================
  HOT (contended): 84 / 84 ok    fail: 0   (0.0%)
  COLD (control):  24 / 24 ok    fail: 0   (0.0%)

  --> bug NOT triggered this run (likely the slow-path waiters drained
      before kill, or the victim's PUTs hadn't fanned out far enough).
      Try larger PAYLOAD_BYTES, larger WRITERS_PER_KEY, or tune KILL_DELAY.

Warning: Permanently added '192.168.2.191' (ED25519) to the list of known hosts."
56,h12w36p16k0.86r2s10,3,12,36,16,0.86,2,10,8,6,80.4,0,0,0,0,0,0,"  hot keys: 2 rounds x 3 survivors x 12 keys
  cold keys (control): 1 round x 3 survivors x 8 keys

===============================================================
  RESULT
===============================================================
  HOT (contended): 72 / 72 ok    fail: 0   (0.0%)
  COLD (control):  24 / 24 ok    fail: 0   (0.0%)

  --> bug NOT triggered this run (likely the slow-path waiters drained
      before kill, or the victim's PUTs hadn't fanned out far enough).
      Try larger PAYLOAD_BYTES, larger WRITERS_PER_KEY, or tune KILL_DELAY.

Warning: Permanently added '192.168.2.192' (ED25519) to the list of known hosts."
57,h16w36p24k0.44r3s8,0,16,36,24,0.44,3,8,6,8,116.15,0,0,3,0,1,1,"  HOT (contended): 45 / 48 ok    fail: 3   (6.2%)
  COLD (control):  24 / 24 ok    fail: 0   (0.0%)

  hot failures by endpoint:
    192.168.2.190     1 /  48 fail
    192.168.2.191     1 /  48 fail
    192.168.2.192     1 /  48 fail
  hot failures by key (idx -> total fail across all rounds*endpoints):
    key 16:   3

  --> bug REPRODUCED. Hot-key reads fail while the cold control set
      is fine -- only the contended keys hold stale WRITERS_WAITING flags.

Warning: Permanently added '192.168.2.189' (ED25519) to the list of known hosts."
58,h10w36p8k0.61r2s10,1,10,36,8,0.61,2,10,6,8,70.92,0,0,0,0,0,0,"  hot keys: 2 rounds x 3 survivors x 10 keys
  cold keys (control): 1 round x 3 survivors x 8 keys

===============================================================
  RESULT
===============================================================
  HOT (contended): 60 / 60 ok    fail: 0   (0.0%)
  COLD (control):  24 / 24 ok    fail: 0   (0.0%)

  --> bug NOT triggered this run (likely the slow-path waiters drained
      before kill, or the victim's PUTs hadn't fanned out far enough).
      Try larger PAYLOAD_BYTES, larger WRITERS_PER_KEY, or tune KILL_DELAY.

Warning: Permanently added '192.168.2.190' (ED25519) to the list of known hosts."
59,h10w24p16k0.75r2s10,2,10,24,16,0.75,2,10,6,8,74.85,0,0,3,0,1,1,"  HOT (contended): 28 / 31 ok    fail: 3   (9.7%)
  COLD (control):  24 / 24 ok    fail: 0   (0.0%)

  hot failures by endpoint:
    192.168.2.189     1 /  20 fail
    192.168.2.190     1 /  20 fail
    192.168.2.192     1 /  20 fail
  hot failures by key (idx -> total fail across all rounds*endpoints):
    key  1:   3

  --> bug REPRODUCED. Hot-key reads fail while the cold control set
      is fine -- only the contended keys hold stale WRITERS_WAITING flags.

Warning: Permanently added '192.168.2.191' (ED25519) to the list of known hosts."
60,h14w32p16k0.42r3s8,3,14,32,16,0.42,3,8,8,10,93.35,0,0,3,0,1,1,"  HOT (contended): 40 / 43 ok    fail: 3   (7.0%)
  COLD (control):  24 / 24 ok    fail: 0   (0.0%)

  hot failures by endpoint:
    192.168.2.189     1 /  42 fail
    192.168.2.190     1 /  42 fail
    192.168.2.191     1 /  42 fail
  hot failures by key (idx -> total fail across all rounds*endpoints):
    key  1:   3

  --> bug REPRODUCED. Hot-key reads fail while the cold control set
      is fine -- only the contended keys hold stale WRITERS_WAITING flags.

Warning: Permanently added '192.168.2.192' (ED25519) to the list of known hosts."
61,h18w28p8k0.82r3s14,0,18,28,8,0.82,3,14,8,8,121.86,0,0,0,0,0,0,"  hot keys: 3 rounds x 3 survivors x 18 keys
  cold keys (control): 1 round x 3 survivors x 8 keys

===============================================================
  RESULT
===============================================================
  HOT (contended): 162 / 162 ok    fail: 0   (0.0%)
  COLD (control):  24 / 24 ok    fail: 0   (0.0%)

  --> bug NOT triggered this run (likely the slow-path waiters drained
      before kill, or the victim's PUTs hadn't fanned out far enough).
      Try larger PAYLOAD_BYTES, larger WRITERS_PER_KEY, or tune KILL_DELAY.

Warning: Permanently added '192.168.2.189' (ED25519) to the list of known hosts."
62,h14w32p8k0.61r2s14,1,14,32,8,0.61,2,14,6,10,93.24,0,0,0,0,0,0,"  hot keys: 2 rounds x 3 survivors x 14 keys
  cold keys (control): 1 round x 3 survivors x 8 keys

===============================================================
  RESULT
===============================================================
  HOT (contended): 84 / 84 ok    fail: 0   (0.0%)
  COLD (control):  24 / 24 ok    fail: 0   (0.0%)

  --> bug NOT triggered this run (likely the slow-path waiters drained
      before kill, or the victim's PUTs hadn't fanned out far enough).
      Try larger PAYLOAD_BYTES, larger WRITERS_PER_KEY, or tune KILL_DELAY.

Warning: Permanently added '192.168.2.190' (ED25519) to the list of known hosts."
63,h10w28p16k0.78r3s12,2,10,28,16,0.78,3,12,4,8,82.81,0,0,0,0,0,0,"  hot keys: 3 rounds x 3 survivors x 10 keys
  cold keys (control): 1 round x 3 survivors x 8 keys

===============================================================
  RESULT
===============================================================
  HOT (contended): 90 / 90 ok    fail: 0   (0.0%)
  COLD (control):  24 / 24 ok    fail: 0   (0.0%)

  --> bug NOT triggered this run (likely the slow-path waiters drained
      before kill, or the victim's PUTs hadn't fanned out far enough).
      Try larger PAYLOAD_BYTES, larger WRITERS_PER_KEY, or tune KILL_DELAY.

Warning: Permanently added '192.168.2.191' (ED25519) to the list of known hosts."
64,h12w40p16k0.79r2s10,3,12,40,16,0.79,2,10,6,8,85.2,0,0,0,0,0,0,"  hot keys: 2 rounds x 3 survivors x 12 keys
  cold keys (control): 1 round x 3 survivors x 8 keys

===============================================================
  RESULT
===============================================================
  HOT (contended): 72 / 72 ok    fail: 0   (0.0%)
  COLD (control):  24 / 24 ok    fail: 0   (0.0%)

  --> bug NOT triggered this run (likely the slow-path waiters drained
      before kill, or the victim's PUTs hadn't fanned out far enough).
      Try larger PAYLOAD_BYTES, larger WRITERS_PER_KEY, or tune KILL_DELAY.

Warning: Permanently added '192.168.2.192' (ED25519) to the list of known hosts."
65,h12w24p8k0.70r3s8,0,12,24,8,0.7,3,8,6,8,84.49,0,0,0,0,0,0,"  hot keys: 3 rounds x 3 survivors x 12 keys
  cold keys (control): 1 round x 3 survivors x 8 keys

===============================================================
  RESULT
===============================================================
  HOT (contended): 108 / 108 ok    fail: 0   (0.0%)
  COLD (control):  24 / 24 ok    fail: 0   (0.0%)

  --> bug NOT triggered this run (likely the slow-path waiters drained
      before kill, or the victim's PUTs hadn't fanned out far enough).
      Try larger PAYLOAD_BYTES, larger WRITERS_PER_KEY, or tune KILL_DELAY.

Warning: Permanently added '192.168.2.189' (ED25519) to the list of known hosts."
66,h14w32p16k0.67r2s10,1,14,32,16,0.67,2,10,8,8,89.65,0,0,0,0,0,0,"  hot keys: 2 rounds x 3 survivors x 14 keys
  cold keys (control): 1 round x 3 survivors x 8 keys

===============================================================
  RESULT
===============================================================
  HOT (contended): 84 / 84 ok    fail: 0   (0.0%)
  COLD (control):  24 / 24 ok    fail: 0   (0.0%)

  --> bug NOT triggered this run (likely the slow-path waiters drained
      before kill, or the victim's PUTs hadn't fanned out far enough).
      Try larger PAYLOAD_BYTES, larger WRITERS_PER_KEY, or tune KILL_DELAY.

Warning: Permanently added '192.168.2.190' (ED25519) to the list of known hosts."
67,h18w32p16k0.53r1s8,2,18,32,16,0.53,1,8,4,10,116.36,0,0,3,0,1,1,"  HOT (contended): 48 / 51 ok    fail: 3   (5.9%)
  COLD (control):  24 / 24 ok    fail: 0   (0.0%)

  hot failures by endpoint:
    192.168.2.189     1 /  18 fail
    192.168.2.190     1 /  18 fail
    192.168.2.192     1 /  18 fail
  hot failures by key (idx -> total fail across all rounds*endpoints):
    key 15:   3

  --> bug REPRODUCED. Hot-key reads fail while the cold control set
      is fine -- only the contended keys hold stale WRITERS_WAITING flags.

Warning: Permanently added '192.168.2.191' (ED25519) to the list of known hosts."
68,h10w32p8k0.45r2s12,3,10,32,8,0.45,2,12,4,8,72.48,0,0,0,0,0,0,"  hot keys: 2 rounds x 3 survivors x 10 keys
  cold keys (control): 1 round x 3 survivors x 8 keys

===============================================================
  RESULT
===============================================================
  HOT (contended): 60 / 60 ok    fail: 0   (0.0%)
  COLD (control):  24 / 24 ok    fail: 0   (0.0%)

  --> bug NOT triggered this run (likely the slow-path waiters drained
      before kill, or the victim's PUTs hadn't fanned out far enough).
      Try larger PAYLOAD_BYTES, larger WRITERS_PER_KEY, or tune KILL_DELAY.

Warning: Permanently added '192.168.2.192' (ED25519) to the list of known hosts."
69,h14w24p8k0.51r2s12,0,14,24,8,0.51,2,12,8,10,86.07,0,0,0,0,0,0,"  hot keys: 2 rounds x 3 survivors x 14 keys
  cold keys (control): 1 round x 3 survivors x 8 keys

===============================================================
  RESULT
===============================================================
  HOT (contended): 84 / 84 ok    fail: 0   (0.0%)
  COLD (control):  24 / 24 ok    fail: 0   (0.0%)

  --> bug NOT triggered this run (likely the slow-path waiters drained
      before kill, or the victim's PUTs hadn't fanned out far enough).
      Try larger PAYLOAD_BYTES, larger WRITERS_PER_KEY, or tune KILL_DELAY.

Warning: Permanently added '192.168.2.189' (ED25519) to the list of known hosts."
70,h14w36p16k0.81r3s8,1,14,36,16,0.81,3,8,8,10,105.68,0,0,0,0,0,0,"  hot keys: 3 rounds x 3 survivors x 14 keys
  cold keys (control): 1 round x 3 survivors x 8 keys

===============================================================
  RESULT
===============================================================
  HOT (contended): 126 / 126 ok    fail: 0   (0.0%)
  COLD (control):  24 / 24 ok    fail: 0   (0.0%)

  --> bug NOT triggered this run (likely the slow-path waiters drained
      before kill, or the victim's PUTs hadn't fanned out far enough).
      Try larger PAYLOAD_BYTES, larger WRITERS_PER_KEY, or tune KILL_DELAY.

Warning: Permanently added '192.168.2.190' (ED25519) to the list of known hosts."
71,h14w40p16k0.64r2s14,2,14,40,16,0.64,2,14,4,8,104.75,0,0,3,0,1,1,"
  hot failures by endpoint:
    192.168.2.189     3 /  28 fail
    192.168.2.190     0 /  28 fail
    192.168.2.192     0 /  28 fail
  hot failures by key (idx -> total fail across all rounds*endpoints):
    key  9:   1
    key 13:   1
    key 14:   1

  --> bug REPRODUCED. Hot-key reads fail while the cold control set
      is fine -- only the contended keys hold stale WRITERS_WAITING flags.

Warning: Permanently added '192.168.2.191' (ED25519) to the list of known hosts."
72,h14w32p8k0.85r3s10,3,14,32,8,0.85,3,10,8,8,99.33,0,0,0,0,0,0,"  hot keys: 3 rounds x 3 survivors x 14 keys
  cold keys (control): 1 round x 3 survivors x 8 keys

===============================================================
  RESULT
===============================================================
  HOT (contended): 126 / 126 ok    fail: 0   (0.0%)
  COLD (control):  24 / 24 ok    fail: 0   (0.0%)

  --> bug NOT triggered this run (likely the slow-path waiters drained
      before kill, or the victim's PUTs hadn't fanned out far enough).
      Try larger PAYLOAD_BYTES, larger WRITERS_PER_KEY, or tune KILL_DELAY.

Warning: Permanently added '192.168.2.192' (ED25519) to the list of known hosts."
73,h12w40p24k0.64r2s10,0,12,40,24,0.64,2,10,8,6,86.5,0,0,0,0,0,0,"  hot keys: 2 rounds x 3 survivors x 12 keys
  cold keys (control): 1 round x 3 survivors x 8 keys

===============================================================
  RESULT
===============================================================
  HOT (contended): 72 / 72 ok    fail: 0   (0.0%)
  COLD (control):  24 / 24 ok    fail: 0   (0.0%)

  --> bug NOT triggered this run (likely the slow-path waiters drained
      before kill, or the victim's PUTs hadn't fanned out far enough).
      Try larger PAYLOAD_BYTES, larger WRITERS_PER_KEY, or tune KILL_DELAY.

Warning: Permanently added '192.168.2.189' (ED25519) to the list of known hosts."
74,h14w28p16k0.59r1s10,1,14,28,16,0.59,1,10,8,10,75.96,0,0,0,0,0,0,"  hot keys: 1 rounds x 3 survivors x 14 keys
  cold keys (control): 1 round x 3 survivors x 8 keys

===============================================================
  RESULT
===============================================================
  HOT (contended): 42 / 42 ok    fail: 0   (0.0%)
  COLD (control):  24 / 24 ok    fail: 0   (0.0%)

  --> bug NOT triggered this run (likely the slow-path waiters drained
      before kill, or the victim's PUTs hadn't fanned out far enough).
      Try larger PAYLOAD_BYTES, larger WRITERS_PER_KEY, or tune KILL_DELAY.

Warning: Permanently added '192.168.2.190' (ED25519) to the list of known hosts."
75,h12w36p16k0.62r2s12,2,12,36,16,0.62,2,12,6,10,86.92,0,0,0,0,0,0,"  hot keys: 2 rounds x 3 survivors x 12 keys
  cold keys (control): 1 round x 3 survivors x 8 keys

===============================================================
  RESULT
===============================================================
  HOT (contended): 72 / 72 ok    fail: 0   (0.0%)
  COLD (control):  24 / 24 ok    fail: 0   (0.0%)

  --> bug NOT triggered this run (likely the slow-path waiters drained
      before kill, or the victim's PUTs hadn't fanned out far enough).
      Try larger PAYLOAD_BYTES, larger WRITERS_PER_KEY, or tune KILL_DELAY.

Warning: Permanently added '192.168.2.191' (ED25519) to the list of known hosts."
76,h16w36p24k0.80r1s14,3,16,36,24,0.8,1,14,6,6,111.98,0,0,3,0,1,1,"
  hot failures by endpoint:
    192.168.2.189     3 /  16 fail
    192.168.2.190     0 /  16 fail
    192.168.2.191     0 /  16 fail
  hot failures by key (idx -> total fail across all rounds*endpoints):
    key 13:   1
    key 15:   1
    key 16:   1

  --> bug REPRODUCED. Hot-key reads fail while the cold control set
      is fine -- only the contended keys hold stale WRITERS_WAITING flags.

Warning: Permanently added '192.168.2.192' (ED25519) to the list of known hosts."
77,h16w32p20k0.49r2s10,0,16,32,20,0.49,2,10,6,6,99.76,0,0,0,0,0,0,"  hot keys: 2 rounds x 3 survivors x 16 keys
  cold keys (control): 1 round x 3 survivors x 8 keys

===============================================================
  RESULT
===============================================================
  HOT (contended): 96 / 96 ok    fail: 0   (0.0%)
  COLD (control):  24 / 24 ok    fail: 0   (0.0%)

  --> bug NOT triggered this run (likely the slow-path waiters drained
      before kill, or the victim's PUTs hadn't fanned out far enough).
      Try larger PAYLOAD_BYTES, larger WRITERS_PER_KEY, or tune KILL_DELAY.

Warning: Permanently added '192.168.2.189' (ED25519) to the list of known hosts."
78,h10w40p8k0.63r2s12,1,10,40,8,0.63,2,12,6,8,74.68,0,0,0,0,0,0,"  hot keys: 2 rounds x 3 survivors x 10 keys
  cold keys (control): 1 round x 3 survivors x 8 keys

===============================================================
  RESULT
===============================================================
  HOT (contended): 60 / 60 ok    fail: 0   (0.0%)
  COLD (control):  24 / 24 ok    fail: 0   (0.0%)

  --> bug NOT triggered this run (likely the slow-path waiters drained
      before kill, or the victim's PUTs hadn't fanned out far enough).
      Try larger PAYLOAD_BYTES, larger WRITERS_PER_KEY, or tune KILL_DELAY.

Warning: Permanently added '192.168.2.190' (ED25519) to the list of known hosts."
79,h12w24p16k0.77r2s10,2,12,24,16,0.77,2,10,6,8,77.89,0,0,0,0,0,0,"  hot keys: 2 rounds x 3 survivors x 12 keys
  cold keys (control): 1 round x 3 survivors x 8 keys

===============================================================
  RESULT
===============================================================
  HOT (contended): 72 / 72 ok    fail: 0   (0.0%)
  COLD (control):  24 / 24 ok    fail: 0   (0.0%)

  --> bug NOT triggered this run (likely the slow-path waiters drained
      before kill, or the victim's PUTs hadn't fanned out far enough).
      Try larger PAYLOAD_BYTES, larger WRITERS_PER_KEY, or tune KILL_DELAY.

Warning: Permanently added '192.168.2.191' (ED25519) to the list of known hosts."
80,h10w40p24k0.75r2s12,3,10,40,24,0.75,2,12,6,6,78.26,0,0,0,0,0,0,"  hot keys: 2 rounds x 3 survivors x 10 keys
  cold keys (control): 1 round x 3 survivors x 8 keys

===============================================================
  RESULT
===============================================================
  HOT (contended): 60 / 60 ok    fail: 0   (0.0%)
  COLD (control):  24 / 24 ok    fail: 0   (0.0%)

  --> bug NOT triggered this run (likely the slow-path waiters drained
      before kill, or the victim's PUTs hadn't fanned out far enough).
      Try larger PAYLOAD_BYTES, larger WRITERS_PER_KEY, or tune KILL_DELAY.

Warning: Permanently added '192.168.2.192' (ED25519) to the list of known hosts."
81,h18w28p8k0.79r2s8,0,18,28,8,0.79,2,8,6,10,101.7,0,0,0,0,0,0,"  hot keys: 2 rounds x 3 survivors x 18 keys
  cold keys (control): 1 round x 3 survivors x 8 keys

===============================================================
  RESULT
===============================================================
  HOT (contended): 108 / 108 ok    fail: 0   (0.0%)
  COLD (control):  24 / 24 ok    fail: 0   (0.0%)

  --> bug NOT triggered this run (likely the slow-path waiters drained
      before kill, or the victim's PUTs hadn't fanned out far enough).
      Try larger PAYLOAD_BYTES, larger WRITERS_PER_KEY, or tune KILL_DELAY.

Warning: Permanently added '192.168.2.189' (ED25519) to the list of known hosts."
82,h16w36p16k0.53r2s14,1,16,36,16,0.53,2,14,6,6,114.4,0,0,3,0,1,1,"  HOT (contended): 42 / 45 ok    fail: 3   (6.7%)
  COLD (control):  24 / 24 ok    fail: 0   (0.0%)

  hot failures by endpoint:
    192.168.2.189     1 /  32 fail
    192.168.2.191     1 /  32 fail
    192.168.2.192     1 /  32 fail
  hot failures by key (idx -> total fail across all rounds*endpoints):
    key 13:   3

  --> bug REPRODUCED. Hot-key reads fail while the cold control set
      is fine -- only the contended keys hold stale WRITERS_WAITING flags.

Warning: Permanently added '192.168.2.190' (ED25519) to the list of known hosts."
83,h16w36p16k0.87r2s12,2,16,36,16,0.87,2,12,6,8,105.4,0,0,3,0,1,1,"
  hot failures by endpoint:
    192.168.2.189     3 /  32 fail
    192.168.2.190     0 /  32 fail
    192.168.2.192     0 /  32 fail
  hot failures by key (idx -> total fail across all rounds*endpoints):
    key 14:   1
    key 15:   1
    key 16:   1

  --> bug REPRODUCED. Hot-key reads fail while the cold control set
      is fine -- only the contended keys hold stale WRITERS_WAITING flags.

Warning: Permanently added '192.168.2.191' (ED25519) to the list of known hosts."
84,h12w36p24k0.56r2s10,3,12,36,24,0.56,2,10,8,8,85.87,0,0,0,0,0,0,"  hot keys: 2 rounds x 3 survivors x 12 keys
  cold keys (control): 1 round x 3 survivors x 8 keys

===============================================================
  RESULT
===============================================================
  HOT (contended): 72 / 72 ok    fail: 0   (0.0%)
  COLD (control):  24 / 24 ok    fail: 0   (0.0%)

  --> bug NOT triggered this run (likely the slow-path waiters drained
      before kill, or the victim's PUTs hadn't fanned out far enough).
      Try larger PAYLOAD_BYTES, larger WRITERS_PER_KEY, or tune KILL_DELAY.

Warning: Permanently added '192.168.2.192' (ED25519) to the list of known hosts."
85,h14w32p16k0.79r3s12,0,14,32,16,0.79,3,12,6,6,104.1,0,0,0,0,0,0,"  hot keys: 3 rounds x 3 survivors x 14 keys
  cold keys (control): 1 round x 3 survivors x 8 keys

===============================================================
  RESULT
===============================================================
  HOT (contended): 126 / 126 ok    fail: 0   (0.0%)
  COLD (control):  24 / 24 ok    fail: 0   (0.0%)

  --> bug NOT triggered this run (likely the slow-path waiters drained
      before kill, or the victim's PUTs hadn't fanned out far enough).
      Try larger PAYLOAD_BYTES, larger WRITERS_PER_KEY, or tune KILL_DELAY.

Warning: Permanently added '192.168.2.189' (ED25519) to the list of known hosts."
86,h18w24p16k0.48r2s12,1,18,24,16,0.48,2,12,4,8,105.0,0,0,0,0,0,0,"  hot keys: 2 rounds x 3 survivors x 18 keys
  cold keys (control): 1 round x 3 survivors x 8 keys

===============================================================
  RESULT
===============================================================
  HOT (contended): 108 / 108 ok    fail: 0   (0.0%)
  COLD (control):  24 / 24 ok    fail: 0   (0.0%)

  --> bug NOT triggered this run (likely the slow-path waiters drained
      before kill, or the victim's PUTs hadn't fanned out far enough).
      Try larger PAYLOAD_BYTES, larger WRITERS_PER_KEY, or tune KILL_DELAY.

Warning: Permanently added '192.168.2.190' (ED25519) to the list of known hosts."
87,h10w28p12k0.78r3s10,2,10,28,12,0.78,3,10,4,6,76.47,0,0,0,0,0,0,"  hot keys: 3 rounds x 3 survivors x 10 keys
  cold keys (control): 1 round x 3 survivors x 8 keys

===============================================================
  RESULT
===============================================================
  HOT (contended): 90 / 90 ok    fail: 0   (0.0%)
  COLD (control):  24 / 24 ok    fail: 0   (0.0%)

  --> bug NOT triggered this run (likely the slow-path waiters drained
      before kill, or the victim's PUTs hadn't fanned out far enough).
      Try larger PAYLOAD_BYTES, larger WRITERS_PER_KEY, or tune KILL_DELAY.

Warning: Permanently added '192.168.2.191' (ED25519) to the list of known hosts."
88,h16w28p16k0.45r3s10,3,16,28,16,0.45,3,10,6,6,110.69,0,0,0,0,0,0,"  hot keys: 3 rounds x 3 survivors x 16 keys
  cold keys (control): 1 round x 3 survivors x 8 keys

===============================================================
  RESULT
===============================================================
  HOT (contended): 144 / 144 ok    fail: 0   (0.0%)
  COLD (control):  24 / 24 ok    fail: 0   (0.0%)

  --> bug NOT triggered this run (likely the slow-path waiters drained
      before kill, or the victim's PUTs hadn't fanned out far enough).
      Try larger PAYLOAD_BYTES, larger WRITERS_PER_KEY, or tune KILL_DELAY.

Warning: Permanently added '192.168.2.192' (ED25519) to the list of known hosts."
89,h10w24p16k0.43r2s10,0,10,24,16,0.43,2,10,6,10,70.5,0,0,0,0,0,0,"  hot keys: 2 rounds x 3 survivors x 10 keys
  cold keys (control): 1 round x 3 survivors x 8 keys

===============================================================
  RESULT
===============================================================
  HOT (contended): 60 / 60 ok    fail: 0   (0.0%)
  COLD (control):  24 / 24 ok    fail: 0   (0.0%)

  --> bug NOT triggered this run (likely the slow-path waiters drained
      before kill, or the victim's PUTs hadn't fanned out far enough).
      Try larger PAYLOAD_BYTES, larger WRITERS_PER_KEY, or tune KILL_DELAY.

Warning: Permanently added '192.168.2.189' (ED25519) to the list of known hosts."
90,h14w28p16k0.60r2s12,1,14,28,16,0.6,2,12,4,6,88.44,0,0,0,0,0,0,"  hot keys: 2 rounds x 3 survivors x 14 keys
  cold keys (control): 1 round x 3 survivors x 8 keys

===============================================================
  RESULT
===============================================================
  HOT (contended): 84 / 84 ok    fail: 0   (0.0%)
  COLD (control):  24 / 24 ok    fail: 0   (0.0%)

  --> bug NOT triggered this run (likely the slow-path waiters drained
      before kill, or the victim's PUTs hadn't fanned out far enough).
      Try larger PAYLOAD_BYTES, larger WRITERS_PER_KEY, or tune KILL_DELAY.

Warning: Permanently added '192.168.2.190' (ED25519) to the list of known hosts."
91,h18w32p20k0.74r3s14,2,18,32,20,0.74,3,14,6,6,121.32,0,0,3,0,1,1,"  HOT (contended): 47 / 50 ok    fail: 3   (6.0%)
  COLD (control):  24 / 24 ok    fail: 0   (0.0%)

  hot failures by endpoint:
    192.168.2.189     1 /  54 fail
    192.168.2.190     1 /  54 fail
    192.168.2.192     1 /  54 fail
  hot failures by key (idx -> total fail across all rounds*endpoints):
    key 14:   3

  --> bug REPRODUCED. Hot-key reads fail while the cold control set
      is fine -- only the contended keys hold stale WRITERS_WAITING flags.

Warning: Permanently added '192.168.2.191' (ED25519) to the list of known hosts."
92,h18w36p16k0.59r3s8,3,18,36,16,0.59,3,8,6,8,110.53,0,0,3,0,1,1,"
  hot failures by endpoint:
    192.168.2.189     3 /  54 fail
    192.168.2.190     0 /  54 fail
    192.168.2.191     0 /  54 fail
  hot failures by key (idx -> total fail across all rounds*endpoints):
    key  9:   1
    key 15:   1
    key 16:   1

  --> bug REPRODUCED. Hot-key reads fail while the cold control set
      is fine -- only the contended keys hold stale WRITERS_WAITING flags.

Warning: Permanently added '192.168.2.192' (ED25519) to the list of known hosts."
93,h16w36p16k0.69r1s10,0,16,36,16,0.69,1,10,6,8,112.92,0,0,3,0,1,1,"  HOT (contended): 43 / 46 ok    fail: 3   (6.5%)
  COLD (control):  24 / 24 ok    fail: 0   (0.0%)

  hot failures by endpoint:
    192.168.2.190     1 /  16 fail
    192.168.2.191     1 /  16 fail
    192.168.2.192     1 /  16 fail
  hot failures by key (idx -> total fail across all rounds*endpoints):
    key 14:   3

  --> bug REPRODUCED. Hot-key reads fail while the cold control set
      is fine -- only the contended keys hold stale WRITERS_WAITING flags.

Warning: Permanently added '192.168.2.189' (ED25519) to the list of known hosts."
94,h16w32p16k0.71r2s14,1,16,32,16,0.71,2,14,4,8,103.7,0,0,0,0,0,0,"  hot keys: 2 rounds x 3 survivors x 16 keys
  cold keys (control): 1 round x 3 survivors x 8 keys

===============================================================
  RESULT
===============================================================
  HOT (contended): 96 / 96 ok    fail: 0   (0.0%)
  COLD (control):  24 / 24 ok    fail: 0   (0.0%)

  --> bug NOT triggered this run (likely the slow-path waiters drained
      before kill, or the victim's PUTs hadn't fanned out far enough).
      Try larger PAYLOAD_BYTES, larger WRITERS_PER_KEY, or tune KILL_DELAY.

Warning: Permanently added '192.168.2.190' (ED25519) to the list of known hosts."
95,h10w36p12k0.56r3s10,2,10,36,12,0.56,3,10,8,8,81.53,0,0,0,0,0,0,"  hot keys: 3 rounds x 3 survivors x 10 keys
  cold keys (control): 1 round x 3 survivors x 8 keys

===============================================================
  RESULT
===============================================================
  HOT (contended): 90 / 90 ok    fail: 0   (0.0%)
  COLD (control):  24 / 24 ok    fail: 0   (0.0%)

  --> bug NOT triggered this run (likely the slow-path waiters drained
      before kill, or the victim's PUTs hadn't fanned out far enough).
      Try larger PAYLOAD_BYTES, larger WRITERS_PER_KEY, or tune KILL_DELAY.

Warning: Permanently added '192.168.2.191' (ED25519) to the list of known hosts."
96,h14w32p16k0.87r2s14,3,14,32,16,0.87,2,14,8,10,95.32,0,0,0,0,0,0,"  hot keys: 2 rounds x 3 survivors x 14 keys
  cold keys (control): 1 round x 3 survivors x 8 keys

===============================================================
  RESULT
===============================================================
  HOT (contended): 84 / 84 ok    fail: 0   (0.0%)
  COLD (control):  24 / 24 ok    fail: 0   (0.0%)

  --> bug NOT triggered this run (likely the slow-path waiters drained
      before kill, or the victim's PUTs hadn't fanned out far enough).
      Try larger PAYLOAD_BYTES, larger WRITERS_PER_KEY, or tune KILL_DELAY.

Warning: Permanently added '192.168.2.192' (ED25519) to the list of known hosts."
97,h14w36p8k0.80r2s10,0,14,36,8,0.8,2,10,6,10,91.52,0,0,0,0,0,0,"  hot keys: 2 rounds x 3 survivors x 14 keys
  cold keys (control): 1 round x 3 survivors x 8 keys

===============================================================
  RESULT
===============================================================
  HOT (contended): 84 / 84 ok    fail: 0   (0.0%)
  COLD (control):  24 / 24 ok    fail: 0   (0.0%)

  --> bug NOT triggered this run (likely the slow-path waiters drained
      before kill, or the victim's PUTs hadn't fanned out far enough).
      Try larger PAYLOAD_BYTES, larger WRITERS_PER_KEY, or tune KILL_DELAY.

Warning: Permanently added '192.168.2.189' (ED25519) to the list of known hosts."
98,h16w28p24k0.44r1s12,1,16,28,24,0.44,1,12,6,8,89.09,0,0,0,0,0,0,"  hot keys: 1 rounds x 3 survivors x 16 keys
  cold keys (control): 1 round x 3 survivors x 8 keys

===============================================================
  RESULT
===============================================================
  HOT (contended): 48 / 48 ok    fail: 0   (0.0%)
  COLD (control):  24 / 24 ok    fail: 0   (0.0%)

  --> bug NOT triggered this run (likely the slow-path waiters drained
      before kill, or the victim's PUTs hadn't fanned out far enough).
      Try larger PAYLOAD_BYTES, larger WRITERS_PER_KEY, or tune KILL_DELAY.

Warning: Permanently added '192.168.2.190' (ED25519) to the list of known hosts."
99,h14w36p8k0.63r1s12,2,14,36,8,0.63,1,12,6,10,81.1,0,0,0,0,0,0,"  hot keys: 1 rounds x 3 survivors x 14 keys
  cold keys (control): 1 round x 3 survivors x 8 keys

===============================================================
  RESULT
===============================================================
  HOT (contended): 42 / 42 ok    fail: 0   (0.0%)
  COLD (control):  24 / 24 ok    fail: 0   (0.0%)

  --> bug NOT triggered this run (likely the slow-path waiters drained
      before kill, or the victim's PUTs hadn't fanned out far enough).
      Try larger PAYLOAD_BYTES, larger WRITERS_PER_KEY, or tune KILL_DELAY.

Warning: Permanently added '192.168.2.191' (ED25519) to the list of known hosts."
100,h16w36p8k0.63r1s8,3,16,36,8,0.63,1,8,4,8,82.46,0,0,0,0,0,0,"  hot keys: 1 rounds x 3 survivors x 16 keys
  cold keys (control): 1 round x 3 survivors x 8 keys

===============================================================
  RESULT
===============================================================
  HOT (contended): 48 / 48 ok    fail: 0   (0.0%)
  COLD (control):  24 / 24 ok    fail: 0   (0.0%)

  --> bug NOT triggered this run (likely the slow-path waiters drained
      before kill, or the victim's PUTs hadn't fanned out far enough).
      Try larger PAYLOAD_BYTES, larger WRITERS_PER_KEY, or tune KILL_DELAY.

Warning: Permanently added '192.168.2.192' (ED25519) to the list of known hosts."
101,h14w24p16k0.69r2s10,0,14,24,16,0.69,2,10,4,10,87.66,0,0,0,0,0,0,"  hot keys: 2 rounds x 3 survivors x 14 keys
  cold keys (control): 1 round x 3 survivors x 8 keys

===============================================================
  RESULT
===============================================================
  HOT (contended): 84 / 84 ok    fail: 0   (0.0%)
  COLD (control):  24 / 24 ok    fail: 0   (0.0%)

  --> bug NOT triggered this run (likely the slow-path waiters drained
      before kill, or the victim's PUTs hadn't fanned out far enough).
      Try larger PAYLOAD_BYTES, larger WRITERS_PER_KEY, or tune KILL_DELAY.

Warning: Permanently added '192.168.2.189' (ED25519) to the list of known hosts."
102,h10w36p20k0.80r3s10,1,10,36,20,0.8,3,10,6,6,83.47,0,0,0,0,0,0,"  hot keys: 3 rounds x 3 survivors x 10 keys
  cold keys (control): 1 round x 3 survivors x 8 keys

===============================================================
  RESULT
===============================================================
  HOT (contended): 90 / 90 ok    fail: 0   (0.0%)
  COLD (control):  24 / 24 ok    fail: 0   (0.0%)

  --> bug NOT triggered this run (likely the slow-path waiters drained
      before kill, or the victim's PUTs hadn't fanned out far enough).
      Try larger PAYLOAD_BYTES, larger WRITERS_PER_KEY, or tune KILL_DELAY.

Warning: Permanently added '192.168.2.190' (ED25519) to the list of known hosts."
103,h16w36p16k0.84r1s14,2,16,36,16,0.84,1,14,4,6,105.12,0,0,3,0,1,1,"
  hot failures by endpoint:
    192.168.2.189     3 /  16 fail
    192.168.2.190     0 /  16 fail
    192.168.2.192     0 /  16 fail
  hot failures by key (idx -> total fail across all rounds*endpoints):
    key  8:   1
    key  9:   1
    key 10:   1

  --> bug REPRODUCED. Hot-key reads fail while the cold control set
      is fine -- only the contended keys hold stale WRITERS_WAITING flags.

Warning: Permanently added '192.168.2.191' (ED25519) to the list of known hosts."
104,h16w32p16k0.58r1s8,3,16,32,16,0.58,1,8,4,8,85.72,0,0,0,0,0,0,"  hot keys: 1 rounds x 3 survivors x 16 keys
  cold keys (control): 1 round x 3 survivors x 8 keys

===============================================================
  RESULT
===============================================================
  HOT (contended): 48 / 48 ok    fail: 0   (0.0%)
  COLD (control):  24 / 24 ok    fail: 0   (0.0%)

  --> bug NOT triggered this run (likely the slow-path waiters drained
      before kill, or the victim's PUTs hadn't fanned out far enough).
      Try larger PAYLOAD_BYTES, larger WRITERS_PER_KEY, or tune KILL_DELAY.

Warning: Permanently added '192.168.2.192' (ED25519) to the list of known hosts."
105,h12w36p16k0.58r2s14,0,12,36,16,0.58,2,14,6,8,86.93,0,0,0,0,0,0,"  hot keys: 2 rounds x 3 survivors x 12 keys
  cold keys (control): 1 round x 3 survivors x 8 keys

===============================================================
  RESULT
===============================================================
  HOT (contended): 72 / 72 ok    fail: 0   (0.0%)
  COLD (control):  24 / 24 ok    fail: 0   (0.0%)

  --> bug NOT triggered this run (likely the slow-path waiters drained
      before kill, or the victim's PUTs hadn't fanned out far enough).
      Try larger PAYLOAD_BYTES, larger WRITERS_PER_KEY, or tune KILL_DELAY.

Warning: Permanently added '192.168.2.189' (ED25519) to the list of known hosts."
106,h16w40p8k0.47r1s8,1,16,40,8,0.47,1,8,6,8,109.47,0,0,3,0,1,1,"  HOT (contended): 43 / 46 ok    fail: 3   (6.5%)
  COLD (control):  24 / 24 ok    fail: 0   (0.0%)

  hot failures by endpoint:
    192.168.2.189     1 /  16 fail
    192.168.2.191     1 /  16 fail
    192.168.2.192     1 /  16 fail
  hot failures by key (idx -> total fail across all rounds*endpoints):
    key 14:   3

  --> bug REPRODUCED. Hot-key reads fail while the cold control set
      is fine -- only the contended keys hold stale WRITERS_WAITING flags.

Warning: Permanently added '192.168.2.190' (ED25519) to the list of known hosts."
107,h16w40p16k0.42r1s12,2,16,40,16,0.42,1,12,8,8,107.28,0,0,3,0,1,1,"
  hot failures by endpoint:
    192.168.2.189     3 /  16 fail
    192.168.2.190     0 /  16 fail
    192.168.2.192     0 /  16 fail
  hot failures by key (idx -> total fail across all rounds*endpoints):
    key  5:   1
    key  7:   1
    key 11:   1

  --> bug REPRODUCED. Hot-key reads fail while the cold control set
      is fine -- only the contended keys hold stale WRITERS_WAITING flags.

Warning: Permanently added '192.168.2.191' (ED25519) to the list of known hosts."
108,h12w28p16k0.83r2s12,3,12,28,16,0.83,2,12,6,8,81.15,0,0,0,0,0,0,"  hot keys: 2 rounds x 3 survivors x 12 keys
  cold keys (control): 1 round x 3 survivors x 8 keys

===============================================================
  RESULT
===============================================================
  HOT (contended): 72 / 72 ok    fail: 0   (0.0%)
  COLD (control):  24 / 24 ok    fail: 0   (0.0%)

  --> bug NOT triggered this run (likely the slow-path waiters drained
      before kill, or the victim's PUTs hadn't fanned out far enough).
      Try larger PAYLOAD_BYTES, larger WRITERS_PER_KEY, or tune KILL_DELAY.

Warning: Permanently added '192.168.2.192' (ED25519) to the list of known hosts."
109,h16w36p12k0.69r2s14,0,16,36,12,0.69,2,14,6,8,104.03,0,0,0,0,0,0,"  hot keys: 2 rounds x 3 survivors x 16 keys
  cold keys (control): 1 round x 3 survivors x 8 keys

===============================================================
  RESULT
===============================================================
  HOT (contended): 96 / 96 ok    fail: 0   (0.0%)
  COLD (control):  24 / 24 ok    fail: 0   (0.0%)

  --> bug NOT triggered this run (likely the slow-path waiters drained
      before kill, or the victim's PUTs hadn't fanned out far enough).
      Try larger PAYLOAD_BYTES, larger WRITERS_PER_KEY, or tune KILL_DELAY.

Warning: Permanently added '192.168.2.189' (ED25519) to the list of known hosts."
110,h14w32p20k0.60r2s8,1,14,32,20,0.6,2,8,4,10,101.29,0,0,0,0,0,0,"  hot keys: 2 rounds x 3 survivors x 14 keys
  cold keys (control): 1 round x 3 survivors x 8 keys

===============================================================
  RESULT
===============================================================
  HOT (contended): 84 / 84 ok    fail: 0   (0.0%)
  COLD (control):  24 / 24 ok    fail: 0   (0.0%)

  --> bug NOT triggered this run (likely the slow-path waiters drained
      before kill, or the victim's PUTs hadn't fanned out far enough).
      Try larger PAYLOAD_BYTES, larger WRITERS_PER_KEY, or tune KILL_DELAY.

Warning: Permanently added '192.168.2.190' (ED25519) to the list of known hosts."
111,h18w40p16k0.54r2s10,2,18,40,16,0.54,2,10,6,8,122.18,0,0,3,0,1,1,"
  hot failures by endpoint:
    192.168.2.189     3 /  36 fail
    192.168.2.190     0 /  36 fail
    192.168.2.192     0 /  36 fail
  hot failures by key (idx -> total fail across all rounds*endpoints):
    key  6:   1
    key  8:   1
    key  9:   1

  --> bug REPRODUCED. Hot-key reads fail while the cold control set
      is fine -- only the contended keys hold stale WRITERS_WAITING flags.

Warning: Permanently added '192.168.2.191' (ED25519) to the list of known hosts."
112,h14w32p8k0.40r2s14,3,14,32,8,0.4,2,14,8,8,91.34,0,0,0,0,0,0,"  hot keys: 2 rounds x 3 survivors x 14 keys
  cold keys (control): 1 round x 3 survivors x 8 keys

===============================================================
  RESULT
===============================================================
  HOT (contended): 84 / 84 ok    fail: 0   (0.0%)
  COLD (control):  24 / 24 ok    fail: 0   (0.0%)

  --> bug NOT triggered this run (likely the slow-path waiters drained
      before kill, or the victim's PUTs hadn't fanned out far enough).
      Try larger PAYLOAD_BYTES, larger WRITERS_PER_KEY, or tune KILL_DELAY.

Warning: Permanently added '192.168.2.192' (ED25519) to the list of known hosts."
113,h12w28p20k0.68r1s10,0,12,28,20,0.68,1,10,6,8,68.63,0,0,0,0,0,0,"  hot keys: 1 rounds x 3 survivors x 12 keys
  cold keys (control): 1 round x 3 survivors x 8 keys

===============================================================
  RESULT
===============================================================
  HOT (contended): 36 / 36 ok    fail: 0   (0.0%)
  COLD (control):  24 / 24 ok    fail: 0   (0.0%)

  --> bug NOT triggered this run (likely the slow-path waiters drained
      before kill, or the victim's PUTs hadn't fanned out far enough).
      Try larger PAYLOAD_BYTES, larger WRITERS_PER_KEY, or tune KILL_DELAY.

Warning: Permanently added '192.168.2.189' (ED25519) to the list of known hosts."
114,h12w36p16k0.61r2s12,1,12,36,16,0.61,2,12,6,6,84.13,0,0,0,0,0,0,"  hot keys: 2 rounds x 3 survivors x 12 keys
  cold keys (control): 1 round x 3 survivors x 8 keys

===============================================================
  RESULT
===============================================================
  HOT (contended): 72 / 72 ok    fail: 0   (0.0%)
  COLD (control):  24 / 24 ok    fail: 0   (0.0%)

  --> bug NOT triggered this run (likely the slow-path waiters drained
      before kill, or the victim's PUTs hadn't fanned out far enough).
      Try larger PAYLOAD_BYTES, larger WRITERS_PER_KEY, or tune KILL_DELAY.

Warning: Permanently added '192.168.2.190' (ED25519) to the list of known hosts."
115,h16w40p16k0.62r2s10,2,16,40,16,0.62,2,10,8,8,106.62,0,0,3,0,1,1,"
  hot failures by endpoint:
    192.168.2.189     3 /  32 fail
    192.168.2.190     0 /  32 fail
    192.168.2.192     0 /  32 fail
  hot failures by key (idx -> total fail across all rounds*endpoints):
    key 12:   1
    key 13:   1
    key 14:   1

  --> bug REPRODUCED. Hot-key reads fail while the cold control set
      is fine -- only the contended keys hold stale WRITERS_WAITING flags.

Warning: Permanently added '192.168.2.191' (ED25519) to the list of known hosts."
116,h10w36p16k0.46r2s14,3,10,36,16,0.46,2,14,8,6,76.63,0,0,0,0,0,0,"  hot keys: 2 rounds x 3 survivors x 10 keys
  cold keys (control): 1 round x 3 survivors x 8 keys

===============================================================
  RESULT
===============================================================
  HOT (contended): 60 / 60 ok    fail: 0   (0.0%)
  COLD (control):  24 / 24 ok    fail: 0   (0.0%)

  --> bug NOT triggered this run (likely the slow-path waiters drained
      before kill, or the victim's PUTs hadn't fanned out far enough).
      Try larger PAYLOAD_BYTES, larger WRITERS_PER_KEY, or tune KILL_DELAY.

Warning: Permanently added '192.168.2.192' (ED25519) to the list of known hosts."
117,h18w24p12k0.55r3s8,0,18,24,12,0.55,3,8,6,6,112.92,0,0,0,0,0,0,"  hot keys: 3 rounds x 3 survivors x 18 keys
  cold keys (control): 1 round x 3 survivors x 8 keys

===============================================================
  RESULT
===============================================================
  HOT (contended): 162 / 162 ok    fail: 0   (0.0%)
  COLD (control):  24 / 24 ok    fail: 0   (0.0%)

  --> bug NOT triggered this run (likely the slow-path waiters drained
      before kill, or the victim's PUTs hadn't fanned out far enough).
      Try larger PAYLOAD_BYTES, larger WRITERS_PER_KEY, or tune KILL_DELAY.

Warning: Permanently added '192.168.2.189' (ED25519) to the list of known hosts."
118,h18w28p16k0.84r2s12,1,18,28,16,0.84,2,12,6,8,110.36,0,0,0,0,0,0,"  hot keys: 2 rounds x 3 survivors x 18 keys
  cold keys (control): 1 round x 3 survivors x 8 keys

===============================================================
  RESULT
===============================================================
  HOT (contended): 108 / 108 ok    fail: 0   (0.0%)
  COLD (control):  24 / 24 ok    fail: 0   (0.0%)

  --> bug NOT triggered this run (likely the slow-path waiters drained
      before kill, or the victim's PUTs hadn't fanned out far enough).
      Try larger PAYLOAD_BYTES, larger WRITERS_PER_KEY, or tune KILL_DELAY.

Warning: Permanently added '192.168.2.190' (ED25519) to the list of known hosts."
119,h18w32p24k0.41r2s12,2,18,32,24,0.41,2,12,4,8,122.67,0,0,3,0,1,1,"
  hot failures by endpoint:
    192.168.2.189     3 /  36 fail
    192.168.2.190     0 /  36 fail
    192.168.2.192     0 /  36 fail
  hot failures by key (idx -> total fail across all rounds*endpoints):
    key 13:   1
    key 14:   1
    key 15:   1

  --> bug REPRODUCED. Hot-key reads fail while the cold control set
      is fine -- only the contended keys hold stale WRITERS_WAITING flags.

Warning: Permanently added '192.168.2.191' (ED25519) to the list of known hosts."
120,h10w36p8k0.86r1s8,3,10,36,8,0.86,1,8,6,6,57.78,0,0,0,0,0,0,"  hot keys: 1 rounds x 3 survivors x 10 keys
  cold keys (control): 1 round x 3 survivors x 8 keys

===============================================================
  RESULT
===============================================================
  HOT (contended): 30 / 30 ok    fail: 0   (0.0%)
  COLD (control):  24 / 24 ok    fail: 0   (0.0%)

  --> bug NOT triggered this run (likely the slow-path waiters drained
      before kill, or the victim's PUTs hadn't fanned out far enough).
      Try larger PAYLOAD_BYTES, larger WRITERS_PER_KEY, or tune KILL_DELAY.

Warning: Permanently added '192.168.2.192' (ED25519) to the list of known hosts."
121,h18w36p16k0.59r3s8,0,18,36,16,0.59,3,8,6,8,107.85,0,0,3,0,1,1,"
  hot failures by endpoint:
    192.168.2.190     3 /  54 fail
    192.168.2.191     0 /  54 fail
    192.168.2.192     0 /  54 fail
  hot failures by key (idx -> total fail across all rounds*endpoints):
    key  8:   1
    key 12:   1
    key 13:   1

  --> bug REPRODUCED. Hot-key reads fail while the cold control set
      is fine -- only the contended keys hold stale WRITERS_WAITING flags.

Warning: Permanently added '192.168.2.189' (ED25519) to the list of known hosts."
122,h18w24p24k0.53r2s10,1,18,24,24,0.53,2,10,6,8,110.41,0,0,0,0,0,0,"  hot keys: 2 rounds x 3 survivors x 18 keys
  cold keys (control): 1 round x 3 survivors x 8 keys

===============================================================
  RESULT
===============================================================
  HOT (contended): 108 / 108 ok    fail: 0   (0.0%)
  COLD (control):  24 / 24 ok    fail: 0   (0.0%)

  --> bug NOT triggered this run (likely the slow-path waiters drained
      before kill, or the victim's PUTs hadn't fanned out far enough).
      Try larger PAYLOAD_BYTES, larger WRITERS_PER_KEY, or tune KILL_DELAY.

Warning: Permanently added '192.168.2.190' (ED25519) to the list of known hosts."
123,h16w40p24k0.64r2s8,2,16,40,24,0.64,2,8,6,8,114.74,0,0,3,0,1,1,"
  hot failures by endpoint:
    192.168.2.189     3 /  32 fail
    192.168.2.190     0 /  32 fail
    192.168.2.192     0 /  32 fail
  hot failures by key (idx -> total fail across all rounds*endpoints):
    key  8:   1
    key 11:   1
    key 12:   1

  --> bug REPRODUCED. Hot-key reads fail while the cold control set
      is fine -- only the contended keys hold stale WRITERS_WAITING flags.

Warning: Permanently added '192.168.2.191' (ED25519) to the list of known hosts."
124,h18w36p16k0.83r2s12,3,18,36,16,0.83,2,12,8,6,112.13,0,0,3,0,1,1,"
  hot failures by endpoint:
    192.168.2.189     3 /  36 fail
    192.168.2.190     0 /  36 fail
    192.168.2.191     0 /  36 fail
  hot failures by key (idx -> total fail across all rounds*endpoints):
    key 11:   1
    key 17:   1
    key 18:   1

  --> bug REPRODUCED. Hot-key reads fail while the cold control set
      is fine -- only the contended keys hold stale WRITERS_WAITING flags.

Warning: Permanently added '192.168.2.192' (ED25519) to the list of known hosts."
125,h14w32p24k0.61r2s10,0,14,32,24,0.61,2,10,4,8,92.08,0,0,0,0,0,0,"  hot keys: 2 rounds x 3 survivors x 14 keys
  cold keys (control): 1 round x 3 survivors x 8 keys

===============================================================
  RESULT
===============================================================
  HOT (contended): 84 / 84 ok    fail: 0   (0.0%)
  COLD (control):  24 / 24 ok    fail: 0   (0.0%)

  --> bug NOT triggered this run (likely the slow-path waiters drained
      before kill, or the victim's PUTs hadn't fanned out far enough).
      Try larger PAYLOAD_BYTES, larger WRITERS_PER_KEY, or tune KILL_DELAY.

Warning: Permanently added '192.168.2.189' (ED25519) to the list of known hosts."
126,h10w36p16k0.56r3s10,1,10,36,16,0.56,3,10,6,6,78.73,0,0,0,0,0,0,"  hot keys: 3 rounds x 3 survivors x 10 keys
  cold keys (control): 1 round x 3 survivors x 8 keys

===============================================================
  RESULT
===============================================================
  HOT (contended): 90 / 90 ok    fail: 0   (0.0%)
  COLD (control):  24 / 24 ok    fail: 0   (0.0%)

  --> bug NOT triggered this run (likely the slow-path waiters drained
      before kill, or the victim's PUTs hadn't fanned out far enough).
      Try larger PAYLOAD_BYTES, larger WRITERS_PER_KEY, or tune KILL_DELAY.

Warning: Permanently added '192.168.2.190' (ED25519) to the list of known hosts."
127,h18w32p16k0.79r2s14,2,18,32,16,0.79,2,14,6,10,111.32,0,0,0,0,0,0,"  hot keys: 2 rounds x 3 survivors x 18 keys
  cold keys (control): 1 round x 3 survivors x 8 keys

===============================================================
  RESULT
===============================================================
  HOT (contended): 108 / 108 ok    fail: 0   (0.0%)
  COLD (control):  24 / 24 ok    fail: 0   (0.0%)

  --> bug NOT triggered this run (likely the slow-path waiters drained
      before kill, or the victim's PUTs hadn't fanned out far enough).
      Try larger PAYLOAD_BYTES, larger WRITERS_PER_KEY, or tune KILL_DELAY.

Warning: Permanently added '192.168.2.191' (ED25519) to the list of known hosts."
128,h14w32p16k0.71r1s12,3,14,32,16,0.71,1,12,6,8,77.99,0,0,0,0,0,0,"  hot keys: 1 rounds x 3 survivors x 14 keys
  cold keys (control): 1 round x 3 survivors x 8 keys

===============================================================
  RESULT
===============================================================
  HOT (contended): 42 / 42 ok    fail: 0   (0.0%)
  COLD (control):  24 / 24 ok    fail: 0   (0.0%)

  --> bug NOT triggered this run (likely the slow-path waiters drained
      before kill, or the victim's PUTs hadn't fanned out far enough).
      Try larger PAYLOAD_BYTES, larger WRITERS_PER_KEY, or tune KILL_DELAY.

Warning: Permanently added '192.168.2.192' (ED25519) to the list of known hosts."
129,h16w32p20k0.55r2s14,0,16,32,20,0.55,2,14,8,10,103.16,0,0,0,0,0,0,"  hot keys: 2 rounds x 3 survivors x 16 keys
  cold keys (control): 1 round x 3 survivors x 8 keys

===============================================================
  RESULT
===============================================================
  HOT (contended): 96 / 96 ok    fail: 0   (0.0%)
  COLD (control):  24 / 24 ok    fail: 0   (0.0%)

  --> bug NOT triggered this run (likely the slow-path waiters drained
      before kill, or the victim's PUTs hadn't fanned out far enough).
      Try larger PAYLOAD_BYTES, larger WRITERS_PER_KEY, or tune KILL_DELAY.

Warning: Permanently added '192.168.2.189' (ED25519) to the list of known hosts."
130,h16w36p16k0.78r1s10,1,16,36,16,0.78,1,10,4,8,106.29,0,0,3,0,1,1,"  COLD (control):  24 / 24 ok    fail: 0   (0.0%)

  hot failures by endpoint:
    192.168.2.189     2 /  16 fail
    192.168.2.191     1 /  16 fail
    192.168.2.192     0 /  16 fail
  hot failures by key (idx -> total fail across all rounds*endpoints):
    key 15:   2
    key 16:   1

  --> bug REPRODUCED. Hot-key reads fail while the cold control set
      is fine -- only the contended keys hold stale WRITERS_WAITING flags.

Warning: Permanently added '192.168.2.190' (ED25519) to the list of known hosts."
131,h16w28p16k0.82r2s10,2,16,28,16,0.82,2,10,4,6,91.17,0,0,0,0,0,0,"  hot keys: 2 rounds x 3 survivors x 16 keys
  cold keys (control): 1 round x 3 survivors x 8 keys

===============================================================
  RESULT
===============================================================
  HOT (contended): 96 / 96 ok    fail: 0   (0.0%)
  COLD (control):  24 / 24 ok    fail: 0   (0.0%)

  --> bug NOT triggered this run (likely the slow-path waiters drained
      before kill, or the victim's PUTs hadn't fanned out far enough).
      Try larger PAYLOAD_BYTES, larger WRITERS_PER_KEY, or tune KILL_DELAY.

Warning: Permanently added '192.168.2.191' (ED25519) to the list of known hosts."
132,h16w32p24k0.62r1s8,3,16,32,24,0.62,1,8,4,8,86.42,0,0,0,0,0,0,"  hot keys: 1 rounds x 3 survivors x 16 keys
  cold keys (control): 1 round x 3 survivors x 8 keys

===============================================================
  RESULT
===============================================================
  HOT (contended): 48 / 48 ok    fail: 0   (0.0%)
  COLD (control):  24 / 24 ok    fail: 0   (0.0%)

  --> bug NOT triggered this run (likely the slow-path waiters drained
      before kill, or the victim's PUTs hadn't fanned out far enough).
      Try larger PAYLOAD_BYTES, larger WRITERS_PER_KEY, or tune KILL_DELAY.

Warning: Permanently added '192.168.2.192' (ED25519) to the list of known hosts."
133,h10w36p20k0.78r1s14,0,10,36,20,0.78,1,14,8,8,66.64,0,0,0,0,0,0,"  hot keys: 1 rounds x 3 survivors x 10 keys
  cold keys (control): 1 round x 3 survivors x 8 keys

===============================================================
  RESULT
===============================================================
  HOT (contended): 30 / 30 ok    fail: 0   (0.0%)
  COLD (control):  24 / 24 ok    fail: 0   (0.0%)

  --> bug NOT triggered this run (likely the slow-path waiters drained
      before kill, or the victim's PUTs hadn't fanned out far enough).
      Try larger PAYLOAD_BYTES, larger WRITERS_PER_KEY, or tune KILL_DELAY.

Warning: Permanently added '192.168.2.189' (ED25519) to the list of known hosts."
134,h14w32p24k0.52r2s14,1,14,32,24,0.52,2,14,4,8,96.97,0,0,0,0,0,0,"  hot keys: 2 rounds x 3 survivors x 14 keys
  cold keys (control): 1 round x 3 survivors x 8 keys

===============================================================
  RESULT
===============================================================
  HOT (contended): 84 / 84 ok    fail: 0   (0.0%)
  COLD (control):  24 / 24 ok    fail: 0   (0.0%)

  --> bug NOT triggered this run (likely the slow-path waiters drained
      before kill, or the victim's PUTs hadn't fanned out far enough).
      Try larger PAYLOAD_BYTES, larger WRITERS_PER_KEY, or tune KILL_DELAY.

Warning: Permanently added '192.168.2.190' (ED25519) to the list of known hosts."
135,h14w40p16k0.61r3s14,2,14,40,16,0.61,3,14,8,8,100.9,0,0,3,0,1,1,"
  hot failures by endpoint:
    192.168.2.189     3 /  42 fail
    192.168.2.190     0 /  42 fail
    192.168.2.192     0 /  42 fail
  hot failures by key (idx -> total fail across all rounds*endpoints):
    key 12:   1
    key 13:   1
    key 14:   1

  --> bug REPRODUCED. Hot-key reads fail while the cold control set
      is fine -- only the contended keys hold stale WRITERS_WAITING flags.

Warning: Permanently added '192.168.2.191' (ED25519) to the list of known hosts."
136,h16w32p8k0.68r2s14,3,16,32,8,0.68,2,14,6,6,94.71,0,0,0,0,0,0,"  hot keys: 2 rounds x 3 survivors x 16 keys
  cold keys (control): 1 round x 3 survivors x 8 keys

===============================================================
  RESULT
===============================================================
  HOT (contended): 96 / 96 ok    fail: 0   (0.0%)
  COLD (control):  24 / 24 ok    fail: 0   (0.0%)

  --> bug NOT triggered this run (likely the slow-path waiters drained
      before kill, or the victim's PUTs hadn't fanned out far enough).
      Try larger PAYLOAD_BYTES, larger WRITERS_PER_KEY, or tune KILL_DELAY.

Warning: Permanently added '192.168.2.192' (ED25519) to the list of known hosts."
137,h14w40p8k0.67r3s12,0,14,40,8,0.67,3,12,6,6,101.5,0,0,0,0,0,0,"  hot keys: 3 rounds x 3 survivors x 14 keys
  cold keys (control): 1 round x 3 survivors x 8 keys

===============================================================
  RESULT
===============================================================
  HOT (contended): 126 / 126 ok    fail: 0   (0.0%)
  COLD (control):  24 / 24 ok    fail: 0   (0.0%)

  --> bug NOT triggered this run (likely the slow-path waiters drained
      before kill, or the victim's PUTs hadn't fanned out far enough).
      Try larger PAYLOAD_BYTES, larger WRITERS_PER_KEY, or tune KILL_DELAY.

Warning: Permanently added '192.168.2.189' (ED25519) to the list of known hosts."
138,h10w40p20k0.52r2s14,1,10,40,20,0.52,2,14,6,6,75.91,0,0,0,0,0,0,"  hot keys: 2 rounds x 3 survivors x 10 keys
  cold keys (control): 1 round x 3 survivors x 8 keys

===============================================================
  RESULT
===============================================================
  HOT (contended): 60 / 60 ok    fail: 0   (0.0%)
  COLD (control):  24 / 24 ok    fail: 0   (0.0%)

  --> bug NOT triggered this run (likely the slow-path waiters drained
      before kill, or the victim's PUTs hadn't fanned out far enough).
      Try larger PAYLOAD_BYTES, larger WRITERS_PER_KEY, or tune KILL_DELAY.

Warning: Permanently added '192.168.2.190' (ED25519) to the list of known hosts."
139,h18w28p16k0.42r2s10,2,18,28,16,0.42,2,10,6,8,102.77,0,0,0,0,0,0,"  hot keys: 2 rounds x 3 survivors x 18 keys
  cold keys (control): 1 round x 3 survivors x 8 keys

===============================================================
  RESULT
===============================================================
  HOT (contended): 108 / 108 ok    fail: 0   (0.0%)
  COLD (control):  24 / 24 ok    fail: 0   (0.0%)

  --> bug NOT triggered this run (likely the slow-path waiters drained
      before kill, or the victim's PUTs hadn't fanned out far enough).
      Try larger PAYLOAD_BYTES, larger WRITERS_PER_KEY, or tune KILL_DELAY.

Warning: Permanently added '192.168.2.191' (ED25519) to the list of known hosts."
140,h14w36p16k0.60r2s14,3,14,36,16,0.6,2,14,6,6,91.79,0,0,0,0,0,0,"  hot keys: 2 rounds x 3 survivors x 14 keys
  cold keys (control): 1 round x 3 survivors x 8 keys

===============================================================
  RESULT
===============================================================
  HOT (contended): 84 / 84 ok    fail: 0   (0.0%)
  COLD (control):  24 / 24 ok    fail: 0   (0.0%)

  --> bug NOT triggered this run (likely the slow-path waiters drained
      before kill, or the victim's PUTs hadn't fanned out far enough).
      Try larger PAYLOAD_BYTES, larger WRITERS_PER_KEY, or tune KILL_DELAY.

Warning: Permanently added '192.168.2.192' (ED25519) to the list of known hosts."
141,h12w40p12k0.87r2s12,0,12,40,12,0.87,2,12,6,10,84.09,0,0,0,0,0,0,"  hot keys: 2 rounds x 3 survivors x 12 keys
  cold keys (control): 1 round x 3 survivors x 8 keys

===============================================================
  RESULT
===============================================================
  HOT (contended): 72 / 72 ok    fail: 0   (0.0%)
  COLD (control):  24 / 24 ok    fail: 0   (0.0%)

  --> bug NOT triggered this run (likely the slow-path waiters drained
      before kill, or the victim's PUTs hadn't fanned out far enough).
      Try larger PAYLOAD_BYTES, larger WRITERS_PER_KEY, or tune KILL_DELAY.

Warning: Permanently added '192.168.2.189' (ED25519) to the list of known hosts."
142,h10w36p8k0.76r2s8,1,10,36,8,0.76,2,8,8,8,66.59,0,0,0,0,0,0,"  hot keys: 2 rounds x 3 survivors x 10 keys
  cold keys (control): 1 round x 3 survivors x 8 keys

===============================================================
  RESULT
===============================================================
  HOT (contended): 60 / 60 ok    fail: 0   (0.0%)
  COLD (control):  24 / 24 ok    fail: 0   (0.0%)

  --> bug NOT triggered this run (likely the slow-path waiters drained
      before kill, or the victim's PUTs hadn't fanned out far enough).
      Try larger PAYLOAD_BYTES, larger WRITERS_PER_KEY, or tune KILL_DELAY.

Warning: Permanently added '192.168.2.190' (ED25519) to the list of known hosts."
143,h14w40p8k0.75r3s14,2,14,40,8,0.75,3,14,4,6,105.01,0,0,3,0,1,1,"  HOT (contended): 37 / 40 ok    fail: 3   (7.5%)
  COLD (control):  24 / 24 ok    fail: 0   (0.0%)

  hot failures by endpoint:
    192.168.2.189     1 /  42 fail
    192.168.2.190     1 /  42 fail
    192.168.2.192     1 /  42 fail
  hot failures by key (idx -> total fail across all rounds*endpoints):
    key 12:   3

  --> bug REPRODUCED. Hot-key reads fail while the cold control set
      is fine -- only the contended keys hold stale WRITERS_WAITING flags.

Warning: Permanently added '192.168.2.191' (ED25519) to the list of known hosts."
144,h16w24p20k0.82r2s8,3,16,24,20,0.82,2,8,6,10,92.0,0,0,0,0,0,0,"  hot keys: 2 rounds x 3 survivors x 16 keys
  cold keys (control): 1 round x 3 survivors x 8 keys

===============================================================
  RESULT
===============================================================
  HOT (contended): 96 / 96 ok    fail: 0   (0.0%)
  COLD (control):  24 / 24 ok    fail: 0   (0.0%)

  --> bug NOT triggered this run (likely the slow-path waiters drained
      before kill, or the victim's PUTs hadn't fanned out far enough).
      Try larger PAYLOAD_BYTES, larger WRITERS_PER_KEY, or tune KILL_DELAY.

Warning: Permanently added '192.168.2.192' (ED25519) to the list of known hosts."
145,h16w40p16k0.56r2s12,0,16,40,16,0.56,2,12,6,8,108.9,0,0,3,0,1,1,"
  hot failures by endpoint:
    192.168.2.190     3 /  32 fail
    192.168.2.191     0 /  32 fail
    192.168.2.192     0 /  32 fail
  hot failures by key (idx -> total fail across all rounds*endpoints):
    key 12:   1
    key 13:   1
    key 14:   1

  --> bug REPRODUCED. Hot-key reads fail while the cold control set
      is fine -- only the contended keys hold stale WRITERS_WAITING flags.

Warning: Permanently added '192.168.2.189' (ED25519) to the list of known hosts."
146,h16w40p16k0.64r3s10,1,16,40,16,0.64,3,10,8,6,103.7,0,0,3,0,1,1,"
  hot failures by endpoint:
    192.168.2.189     3 /  48 fail
    192.168.2.191     0 /  48 fail
    192.168.2.192     0 /  48 fail
  hot failures by key (idx -> total fail across all rounds*endpoints):
    key 13:   1
    key 14:   1
    key 15:   1

  --> bug REPRODUCED. Hot-key reads fail while the cold control set
      is fine -- only the contended keys hold stale WRITERS_WAITING flags.

Warning: Permanently added '192.168.2.190' (ED25519) to the list of known hosts."
147,h14w32p16k0.53r2s10,2,14,32,16,0.53,2,10,4,10,89.15,0,0,0,0,0,0,"  hot keys: 2 rounds x 3 survivors x 14 keys
  cold keys (control): 1 round x 3 survivors x 8 keys

===============================================================
  RESULT
===============================================================
  HOT (contended): 84 / 84 ok    fail: 0   (0.0%)
  COLD (control):  24 / 24 ok    fail: 0   (0.0%)

  --> bug NOT triggered this run (likely the slow-path waiters drained
      before kill, or the victim's PUTs hadn't fanned out far enough).
      Try larger PAYLOAD_BYTES, larger WRITERS_PER_KEY, or tune KILL_DELAY.

Warning: Permanently added '192.168.2.191' (ED25519) to the list of known hosts."
148,h10w36p8k0.49r1s10,3,10,36,8,0.49,1,10,4,10,62.38,0,0,0,0,0,0,"  hot keys: 1 rounds x 3 survivors x 10 keys
  cold keys (control): 1 round x 3 survivors x 8 keys

===============================================================
  RESULT
===============================================================
  HOT (contended): 30 / 30 ok    fail: 0   (0.0%)
  COLD (control):  24 / 24 ok    fail: 0   (0.0%)

  --> bug NOT triggered this run (likely the slow-path waiters drained
      before kill, or the victim's PUTs hadn't fanned out far enough).
      Try larger PAYLOAD_BYTES, larger WRITERS_PER_KEY, or tune KILL_DELAY.

Warning: Permanently added '192.168.2.192' (ED25519) to the list of known hosts."
149,h16w36p16k0.55r2s10,0,16,36,16,0.55,2,10,8,6,96.03,0,0,0,0,0,0,"  hot keys: 2 rounds x 3 survivors x 16 keys
  cold keys (control): 1 round x 3 survivors x 8 keys

===============================================================
  RESULT
===============================================================
  HOT (contended): 96 / 96 ok    fail: 0   (0.0%)
  COLD (control):  24 / 24 ok    fail: 0   (0.0%)

  --> bug NOT triggered this run (likely the slow-path waiters drained
      before kill, or the victim's PUTs hadn't fanned out far enough).
      Try larger PAYLOAD_BYTES, larger WRITERS_PER_KEY, or tune KILL_DELAY.

Warning: Permanently added '192.168.2.189' (ED25519) to the list of known hosts."
150,h12w36p8k0.48r2s10,1,12,36,8,0.48,2,10,4,8,78.18,0,0,0,0,0,0,"  hot keys: 2 rounds x 3 survivors x 12 keys
  cold keys (control): 1 round x 3 survivors x 8 keys

===============================================================
  RESULT
===============================================================
  HOT (contended): 72 / 72 ok    fail: 0   (0.0%)
  COLD (control):  24 / 24 ok    fail: 0   (0.0%)

  --> bug NOT triggered this run (likely the slow-path waiters drained
      before kill, or the victim's PUTs hadn't fanned out far enough).
      Try larger PAYLOAD_BYTES, larger WRITERS_PER_KEY, or tune KILL_DELAY.

Warning: Permanently added '192.168.2.190' (ED25519) to the list of known hosts."
151,h12w24p24k0.88r3s8,2,12,24,24,0.88,3,8,8,10,90.3,0,0,0,0,0,0,"  hot keys: 3 rounds x 3 survivors x 12 keys
  cold keys (control): 1 round x 3 survivors x 8 keys

===============================================================
  RESULT
===============================================================
  HOT (contended): 108 / 108 ok    fail: 0   (0.0%)
  COLD (control):  24 / 24 ok    fail: 0   (0.0%)

  --> bug NOT triggered this run (likely the slow-path waiters drained
      before kill, or the victim's PUTs hadn't fanned out far enough).
      Try larger PAYLOAD_BYTES, larger WRITERS_PER_KEY, or tune KILL_DELAY.

Warning: Permanently added '192.168.2.191' (ED25519) to the list of known hosts."
152,h14w24p16k0.62r2s12,3,14,24,16,0.62,2,12,6,6,82.46,0,0,0,0,0,0,"  hot keys: 2 rounds x 3 survivors x 14 keys
  cold keys (control): 1 round x 3 survivors x 8 keys

===============================================================
  RESULT
===============================================================
  HOT (contended): 84 / 84 ok    fail: 0   (0.0%)
  COLD (control):  24 / 24 ok    fail: 0   (0.0%)

  --> bug NOT triggered this run (likely the slow-path waiters drained
      before kill, or the victim's PUTs hadn't fanned out far enough).
      Try larger PAYLOAD_BYTES, larger WRITERS_PER_KEY, or tune KILL_DELAY.

Warning: Permanently added '192.168.2.192' (ED25519) to the list of known hosts."
153,h12w24p20k0.40r2s10,0,12,24,20,0.4,2,10,4,10,78.29,0,0,0,0,0,0,"  hot keys: 2 rounds x 3 survivors x 12 keys
  cold keys (control): 1 round x 3 survivors x 8 keys

===============================================================
  RESULT
===============================================================
  HOT (contended): 72 / 72 ok    fail: 0   (0.0%)
  COLD (control):  24 / 24 ok    fail: 0   (0.0%)

  --> bug NOT triggered this run (likely the slow-path waiters drained
      before kill, or the victim's PUTs hadn't fanned out far enough).
      Try larger PAYLOAD_BYTES, larger WRITERS_PER_KEY, or tune KILL_DELAY.

Warning: Permanently added '192.168.2.189' (ED25519) to the list of known hosts."
154,h10w24p20k0.59r3s10,1,10,24,20,0.59,3,10,6,8,77.75,0,0,0,0,0,0,"  hot keys: 3 rounds x 3 survivors x 10 keys
  cold keys (control): 1 round x 3 survivors x 8 keys

===============================================================
  RESULT
===============================================================
  HOT (contended): 90 / 90 ok    fail: 0   (0.0%)
  COLD (control):  24 / 24 ok    fail: 0   (0.0%)

  --> bug NOT triggered this run (likely the slow-path waiters drained
      before kill, or the victim's PUTs hadn't fanned out far enough).
      Try larger PAYLOAD_BYTES, larger WRITERS_PER_KEY, or tune KILL_DELAY.

Warning: Permanently added '192.168.2.190' (ED25519) to the list of known hosts."
155,h14w24p16k0.61r1s10,2,14,24,16,0.61,1,10,6,8,69.93,0,0,0,0,0,0,"  hot keys: 1 rounds x 3 survivors x 14 keys
  cold keys (control): 1 round x 3 survivors x 8 keys

===============================================================
  RESULT
===============================================================
  HOT (contended): 42 / 42 ok    fail: 0   (0.0%)
  COLD (control):  24 / 24 ok    fail: 0   (0.0%)

  --> bug NOT triggered this run (likely the slow-path waiters drained
      before kill, or the victim's PUTs hadn't fanned out far enough).
      Try larger PAYLOAD_BYTES, larger WRITERS_PER_KEY, or tune KILL_DELAY.

Warning: Permanently added '192.168.2.191' (ED25519) to the list of known hosts."
156,h14w24p12k0.65r1s14,3,14,24,12,0.65,1,14,6,10,74.22,0,0,0,0,0,0,"  hot keys: 1 rounds x 3 survivors x 14 keys
  cold keys (control): 1 round x 3 survivors x 8 keys

===============================================================
  RESULT
===============================================================
  HOT (contended): 42 / 42 ok    fail: 0   (0.0%)
  COLD (control):  24 / 24 ok    fail: 0   (0.0%)

  --> bug NOT triggered this run (likely the slow-path waiters drained
      before kill, or the victim's PUTs hadn't fanned out far enough).
      Try larger PAYLOAD_BYTES, larger WRITERS_PER_KEY, or tune KILL_DELAY.

Warning: Permanently added '192.168.2.192' (ED25519) to the list of known hosts."
157,h16w32p24k0.84r1s10,0,16,32,24,0.84,1,10,8,6,84.08,0,0,0,0,0,0,"  hot keys: 1 rounds x 3 survivors x 16 keys
  cold keys (control): 1 round x 3 survivors x 8 keys

===============================================================
  RESULT
===============================================================
  HOT (contended): 48 / 48 ok    fail: 0   (0.0%)
  COLD (control):  24 / 24 ok    fail: 0   (0.0%)

  --> bug NOT triggered this run (likely the slow-path waiters drained
      before kill, or the victim's PUTs hadn't fanned out far enough).
      Try larger PAYLOAD_BYTES, larger WRITERS_PER_KEY, or tune KILL_DELAY.

Warning: Permanently added '192.168.2.189' (ED25519) to the list of known hosts."
158,h10w24p24k0.45r2s8,1,10,24,24,0.45,2,8,8,8,66.41,0,0,0,0,0,0,"  hot keys: 2 rounds x 3 survivors x 10 keys
  cold keys (control): 1 round x 3 survivors x 8 keys

===============================================================
  RESULT
===============================================================
  HOT (contended): 60 / 60 ok    fail: 0   (0.0%)
  COLD (control):  24 / 24 ok    fail: 0   (0.0%)

  --> bug NOT triggered this run (likely the slow-path waiters drained
      before kill, or the victim's PUTs hadn't fanned out far enough).
      Try larger PAYLOAD_BYTES, larger WRITERS_PER_KEY, or tune KILL_DELAY.

Warning: Permanently added '192.168.2.190' (ED25519) to the list of known hosts."
159,h16w32p16k0.39r2s10,2,16,32,16,0.39,2,10,6,8,96.91,0,0,0,0,0,0,"  hot keys: 2 rounds x 3 survivors x 16 keys
  cold keys (control): 1 round x 3 survivors x 8 keys

===============================================================
  RESULT
===============================================================
  HOT (contended): 96 / 96 ok    fail: 0   (0.0%)
  COLD (control):  24 / 24 ok    fail: 0   (0.0%)

  --> bug NOT triggered this run (likely the slow-path waiters drained
      before kill, or the victim's PUTs hadn't fanned out far enough).
      Try larger PAYLOAD_BYTES, larger WRITERS_PER_KEY, or tune KILL_DELAY.

Warning: Permanently added '192.168.2.191' (ED25519) to the list of known hosts."
160,h14w28p20k0.58r2s10,3,14,28,20,0.58,2,10,6,6,85.29,0,0,0,0,0,0,"  hot keys: 2 rounds x 3 survivors x 14 keys
  cold keys (control): 1 round x 3 survivors x 8 keys

===============================================================
  RESULT
===============================================================
  HOT (contended): 84 / 84 ok    fail: 0   (0.0%)
  COLD (control):  24 / 24 ok    fail: 0   (0.0%)

  --> bug NOT triggered this run (likely the slow-path waiters drained
      before kill, or the victim's PUTs hadn't fanned out far enough).
      Try larger PAYLOAD_BYTES, larger WRITERS_PER_KEY, or tune KILL_DELAY.

Warning: Permanently added '192.168.2.192' (ED25519) to the list of known hosts."
161,h14w40p8k0.61r2s14,0,14,40,8,0.61,2,14,6,6,90.81,0,0,0,0,0,0,"  hot keys: 2 rounds x 3 survivors x 14 keys
  cold keys (control): 1 round x 3 survivors x 8 keys

===============================================================
  RESULT
===============================================================
  HOT (contended): 84 / 84 ok    fail: 0   (0.0%)
  COLD (control):  24 / 24 ok    fail: 0   (0.0%)

  --> bug NOT triggered this run (likely the slow-path waiters drained
      before kill, or the victim's PUTs hadn't fanned out far enough).
      Try larger PAYLOAD_BYTES, larger WRITERS_PER_KEY, or tune KILL_DELAY.

Warning: Permanently added '192.168.2.189' (ED25519) to the list of known hosts."
162,h14w24p24k0.85r1s8,1,14,24,24,0.85,1,8,6,6,74.64,0,0,1,0,1,1,"  HOT (contended): 41 / 42 ok    fail: 1   (2.4%)
  COLD (control):  24 / 24 ok    fail: 0   (0.0%)

  hot failures by endpoint:
    192.168.2.189     0 /  14 fail
    192.168.2.191     0 /  14 fail
    192.168.2.192     1 /  14 fail
  hot failures by key (idx -> total fail across all rounds*endpoints):
    key  1:   1

  --> bug REPRODUCED. Hot-key reads fail while the cold control set
      is fine -- only the contended keys hold stale WRITERS_WAITING flags.

Warning: Permanently added '192.168.2.190' (ED25519) to the list of known hosts."
163,h16w28p24k0.57r2s12,2,16,28,24,0.57,2,12,8,8,98.61,0,0,0,0,0,0,"  hot keys: 2 rounds x 3 survivors x 16 keys
  cold keys (control): 1 round x 3 survivors x 8 keys

===============================================================
  RESULT
===============================================================
  HOT (contended): 96 / 96 ok    fail: 0   (0.0%)
  COLD (control):  24 / 24 ok    fail: 0   (0.0%)

  --> bug NOT triggered this run (likely the slow-path waiters drained
      before kill, or the victim's PUTs hadn't fanned out far enough).
      Try larger PAYLOAD_BYTES, larger WRITERS_PER_KEY, or tune KILL_DELAY.

Warning: Permanently added '192.168.2.191' (ED25519) to the list of known hosts."
164,h10w24p12k0.57r2s10,3,10,24,12,0.57,2,10,8,10,66.85,0,0,0,0,0,0,"  hot keys: 2 rounds x 3 survivors x 10 keys
  cold keys (control): 1 round x 3 survivors x 8 keys

===============================================================
  RESULT
===============================================================
  HOT (contended): 60 / 60 ok    fail: 0   (0.0%)
  COLD (control):  24 / 24 ok    fail: 0   (0.0%)

  --> bug NOT triggered this run (likely the slow-path waiters drained
      before kill, or the victim's PUTs hadn't fanned out far enough).
      Try larger PAYLOAD_BYTES, larger WRITERS_PER_KEY, or tune KILL_DELAY.

Warning: Permanently added '192.168.2.192' (ED25519) to the list of known hosts."
165,h18w32p12k0.51r1s12,0,18,32,12,0.51,1,12,8,8,112.95,0,0,3,0,1,1,"  HOT (contended): 48 / 51 ok    fail: 3   (5.9%)
  COLD (control):  24 / 24 ok    fail: 0   (0.0%)

  hot failures by endpoint:
    192.168.2.190     1 /  18 fail
    192.168.2.191     1 /  18 fail
    192.168.2.192     1 /  18 fail
  hot failures by key (idx -> total fail across all rounds*endpoints):
    key 15:   3

  --> bug REPRODUCED. Hot-key reads fail while the cold control set
      is fine -- only the contended keys hold stale WRITERS_WAITING flags.

Warning: Permanently added '192.168.2.189' (ED25519) to the list of known hosts."
166,h14w36p24k0.51r1s10,1,14,36,24,0.51,1,10,8,10,82.63,0,0,0,0,0,0,"  hot keys: 1 rounds x 3 survivors x 14 keys
  cold keys (control): 1 round x 3 survivors x 8 keys

===============================================================
  RESULT
===============================================================
  HOT (contended): 42 / 42 ok    fail: 0   (0.0%)
  COLD (control):  24 / 24 ok    fail: 0   (0.0%)

  --> bug NOT triggered this run (likely the slow-path waiters drained
      before kill, or the victim's PUTs hadn't fanned out far enough).
      Try larger PAYLOAD_BYTES, larger WRITERS_PER_KEY, or tune KILL_DELAY.

Warning: Permanently added '192.168.2.190' (ED25519) to the list of known hosts."
167,h10w36p20k0.63r2s8,2,10,36,20,0.63,2,8,6,10,72.23,0,0,0,0,0,0,"  hot keys: 2 rounds x 3 survivors x 10 keys
  cold keys (control): 1 round x 3 survivors x 8 keys

===============================================================
  RESULT
===============================================================
  HOT (contended): 60 / 60 ok    fail: 0   (0.0%)
  COLD (control):  24 / 24 ok    fail: 0   (0.0%)

  --> bug NOT triggered this run (likely the slow-path waiters drained
      before kill, or the victim's PUTs hadn't fanned out far enough).
      Try larger PAYLOAD_BYTES, larger WRITERS_PER_KEY, or tune KILL_DELAY.

Warning: Permanently added '192.168.2.191' (ED25519) to the list of known hosts."
168,h16w36p16k0.54r2s8,3,16,36,16,0.54,2,8,6,10,110.21,0,0,3,0,1,1,"  HOT (contended): 41 / 44 ok    fail: 3   (6.8%)
  COLD (control):  24 / 24 ok    fail: 0   (0.0%)

  hot failures by endpoint:
    192.168.2.189     1 /  32 fail
    192.168.2.190     1 /  32 fail
    192.168.2.191     1 /  32 fail
  hot failures by key (idx -> total fail across all rounds*endpoints):
    key 12:   3

  --> bug REPRODUCED. Hot-key reads fail while the cold control set
      is fine -- only the contended keys hold stale WRITERS_WAITING flags.

Warning: Permanently added '192.168.2.192' (ED25519) to the list of known hosts."
169,h14w32p8k0.67r2s10,0,14,32,8,0.67,2,10,4,10,86.75,0,0,0,0,0,0,"  hot keys: 2 rounds x 3 survivors x 14 keys
  cold keys (control): 1 round x 3 survivors x 8 keys

===============================================================
  RESULT
===============================================================
  HOT (contended): 84 / 84 ok    fail: 0   (0.0%)
  COLD (control):  24 / 24 ok    fail: 0   (0.0%)

  --> bug NOT triggered this run (likely the slow-path waiters drained
      before kill, or the victim's PUTs hadn't fanned out far enough).
      Try larger PAYLOAD_BYTES, larger WRITERS_PER_KEY, or tune KILL_DELAY.

Warning: Permanently added '192.168.2.189' (ED25519) to the list of known hosts."
170,h10w24p20k0.71r2s10,1,10,24,20,0.71,2,10,6,8,67.49,0,0,0,0,0,0,"  hot keys: 2 rounds x 3 survivors x 10 keys
  cold keys (control): 1 round x 3 survivors x 8 keys

===============================================================
  RESULT
===============================================================
  HOT (contended): 60 / 60 ok    fail: 0   (0.0%)
  COLD (control):  24 / 24 ok    fail: 0   (0.0%)

  --> bug NOT triggered this run (likely the slow-path waiters drained
      before kill, or the victim's PUTs hadn't fanned out far enough).
      Try larger PAYLOAD_BYTES, larger WRITERS_PER_KEY, or tune KILL_DELAY.

Warning: Permanently added '192.168.2.190' (ED25519) to the list of known hosts."
171,h12w36p20k0.47r2s12,2,12,36,20,0.47,2,12,6,8,85.8,0,0,0,0,0,0,"  hot keys: 2 rounds x 3 survivors x 12 keys
  cold keys (control): 1 round x 3 survivors x 8 keys

===============================================================
  RESULT
===============================================================
  HOT (contended): 72 / 72 ok    fail: 0   (0.0%)
  COLD (control):  24 / 24 ok    fail: 0   (0.0%)

  --> bug NOT triggered this run (likely the slow-path waiters drained
      before kill, or the victim's PUTs hadn't fanned out far enough).
      Try larger PAYLOAD_BYTES, larger WRITERS_PER_KEY, or tune KILL_DELAY.

Warning: Permanently added '192.168.2.191' (ED25519) to the list of known hosts."
172,h18w28p8k0.76r2s14,3,18,28,8,0.76,2,14,8,8,101.79,0,0,0,0,0,0,"  hot keys: 2 rounds x 3 survivors x 18 keys
  cold keys (control): 1 round x 3 survivors x 8 keys

===============================================================
  RESULT
===============================================================
  HOT (contended): 108 / 108 ok    fail: 0   (0.0%)
  COLD (control):  24 / 24 ok    fail: 0   (0.0%)

  --> bug NOT triggered this run (likely the slow-path waiters drained
      before kill, or the victim's PUTs hadn't fanned out far enough).
      Try larger PAYLOAD_BYTES, larger WRITERS_PER_KEY, or tune KILL_DELAY.

Warning: Permanently added '192.168.2.192' (ED25519) to the list of known hosts."
173,h14w32p16k0.45r2s14,0,14,32,16,0.45,2,14,6,10,92.82,0,0,0,0,0,0,"  hot keys: 2 rounds x 3 survivors x 14 keys
  cold keys (control): 1 round x 3 survivors x 8 keys

===============================================================
  RESULT
===============================================================
  HOT (contended): 84 / 84 ok    fail: 0   (0.0%)
  COLD (control):  24 / 24 ok    fail: 0   (0.0%)

  --> bug NOT triggered this run (likely the slow-path waiters drained
      before kill, or the victim's PUTs hadn't fanned out far enough).
      Try larger PAYLOAD_BYTES, larger WRITERS_PER_KEY, or tune KILL_DELAY.

Warning: Permanently added '192.168.2.189' (ED25519) to the list of known hosts."
174,h16w36p20k0.73r2s10,1,16,36,20,0.73,2,10,6,6,101.24,0,0,3,0,1,1,"
  hot failures by endpoint:
    192.168.2.189     3 /  32 fail
    192.168.2.191     0 /  32 fail
    192.168.2.192     0 /  32 fail
  hot failures by key (idx -> total fail across all rounds*endpoints):
    key  7:   1
    key  8:   1
    key 10:   1

  --> bug REPRODUCED. Hot-key reads fail while the cold control set
      is fine -- only the contended keys hold stale WRITERS_WAITING flags.

Warning: Permanently added '192.168.2.190' (ED25519) to the list of known hosts."
175,h16w40p8k0.39r3s10,2,16,40,8,0.39,3,10,8,8,98.71,0,0,3,0,1,1,"
  hot failures by endpoint:
    192.168.2.189     3 /  48 fail
    192.168.2.190     0 /  48 fail
    192.168.2.192     0 /  48 fail
  hot failures by key (idx -> total fail across all rounds*endpoints):
    key  9:   1
    key 10:   1
    key 11:   1

  --> bug REPRODUCED. Hot-key reads fail while the cold control set
      is fine -- only the contended keys hold stale WRITERS_WAITING flags.

Warning: Permanently added '192.168.2.191' (ED25519) to the list of known hosts."
176,h14w32p24k0.73r2s14,3,14,32,24,0.73,2,14,6,8,95.82,0,0,0,0,0,0,"  hot keys: 2 rounds x 3 survivors x 14 keys
  cold keys (control): 1 round x 3 survivors x 8 keys

===============================================================
  RESULT
===============================================================
  HOT (contended): 84 / 84 ok    fail: 0   (0.0%)
  COLD (control):  24 / 24 ok    fail: 0   (0.0%)

  --> bug NOT triggered this run (likely the slow-path waiters drained
      before kill, or the victim's PUTs hadn't fanned out far enough).
      Try larger PAYLOAD_BYTES, larger WRITERS_PER_KEY, or tune KILL_DELAY.

Warning: Permanently added '192.168.2.192' (ED25519) to the list of known hosts."
177,h10w40p8k0.59r2s8,0,10,40,8,0.59,2,8,6,6,66.36,0,0,0,0,0,0,"  hot keys: 2 rounds x 3 survivors x 10 keys
  cold keys (control): 1 round x 3 survivors x 8 keys

===============================================================
  RESULT
===============================================================
  HOT (contended): 60 / 60 ok    fail: 0   (0.0%)
  COLD (control):  24 / 24 ok    fail: 0   (0.0%)

  --> bug NOT triggered this run (likely the slow-path waiters drained
      before kill, or the victim's PUTs hadn't fanned out far enough).
      Try larger PAYLOAD_BYTES, larger WRITERS_PER_KEY, or tune KILL_DELAY.

Warning: Permanently added '192.168.2.189' (ED25519) to the list of known hosts."
178,h12w36p16k0.59r3s8,1,12,36,16,0.59,3,8,6,6,87.44,0,0,0,0,0,0,"  hot keys: 3 rounds x 3 survivors x 12 keys
  cold keys (control): 1 round x 3 survivors x 8 keys

===============================================================
  RESULT
===============================================================
  HOT (contended): 108 / 108 ok    fail: 0   (0.0%)
  COLD (control):  24 / 24 ok    fail: 0   (0.0%)

  --> bug NOT triggered this run (likely the slow-path waiters drained
      before kill, or the victim's PUTs hadn't fanned out far enough).
      Try larger PAYLOAD_BYTES, larger WRITERS_PER_KEY, or tune KILL_DELAY.

Warning: Permanently added '192.168.2.190' (ED25519) to the list of known hosts."
179,h16w32p24k0.38r2s14,2,16,32,24,0.38,2,14,4,6,104.13,0,0,0,0,0,0,"  hot keys: 2 rounds x 3 survivors x 16 keys
  cold keys (control): 1 round x 3 survivors x 8 keys

===============================================================
  RESULT
===============================================================
  HOT (contended): 96 / 96 ok    fail: 0   (0.0%)
  COLD (control):  24 / 24 ok    fail: 0   (0.0%)

  --> bug NOT triggered this run (likely the slow-path waiters drained
      before kill, or the victim's PUTs hadn't fanned out far enough).
      Try larger PAYLOAD_BYTES, larger WRITERS_PER_KEY, or tune KILL_DELAY.

Warning: Permanently added '192.168.2.191' (ED25519) to the list of known hosts."
180,h16w32p24k0.61r1s10,3,16,32,24,0.61,1,10,6,8,85.07,0,0,0,0,0,0,"  hot keys: 1 rounds x 3 survivors x 16 keys
  cold keys (control): 1 round x 3 survivors x 8 keys

===============================================================
  RESULT
===============================================================
  HOT (contended): 48 / 48 ok    fail: 0   (0.0%)
  COLD (control):  24 / 24 ok    fail: 0   (0.0%)

  --> bug NOT triggered this run (likely the slow-path waiters drained
      before kill, or the victim's PUTs hadn't fanned out far enough).
      Try larger PAYLOAD_BYTES, larger WRITERS_PER_KEY, or tune KILL_DELAY.

Warning: Permanently added '192.168.2.192' (ED25519) to the list of known hosts."
181,h10w24p24k0.45r2s14,0,10,24,24,0.45,2,14,4,8,73.93,0,0,0,0,0,0,"  hot keys: 2 rounds x 3 survivors x 10 keys
  cold keys (control): 1 round x 3 survivors x 8 keys

===============================================================
  RESULT
===============================================================
  HOT (contended): 60 / 60 ok    fail: 0   (0.0%)
  COLD (control):  24 / 24 ok    fail: 0   (0.0%)

  --> bug NOT triggered this run (likely the slow-path waiters drained
      before kill, or the victim's PUTs hadn't fanned out far enough).
      Try larger PAYLOAD_BYTES, larger WRITERS_PER_KEY, or tune KILL_DELAY.

Warning: Permanently added '192.168.2.189' (ED25519) to the list of known hosts."
182,h14w32p20k0.46r1s10,1,14,32,20,0.46,1,10,4,10,78.14,0,0,0,0,0,0,"  hot keys: 1 rounds x 3 survivors x 14 keys
  cold keys (control): 1 round x 3 survivors x 8 keys

===============================================================
  RESULT
===============================================================
  HOT (contended): 42 / 42 ok    fail: 0   (0.0%)
  COLD (control):  24 / 24 ok    fail: 0   (0.0%)

  --> bug NOT triggered this run (likely the slow-path waiters drained
      before kill, or the victim's PUTs hadn't fanned out far enough).
      Try larger PAYLOAD_BYTES, larger WRITERS_PER_KEY, or tune KILL_DELAY.

Warning: Permanently added '192.168.2.190' (ED25519) to the list of known hosts."
183,h10w40p16k0.67r2s10,2,10,40,16,0.67,2,10,6,8,73.47,0,0,0,0,0,0,"  hot keys: 2 rounds x 3 survivors x 10 keys
  cold keys (control): 1 round x 3 survivors x 8 keys

===============================================================
  RESULT
===============================================================
  HOT (contended): 60 / 60 ok    fail: 0   (0.0%)
  COLD (control):  24 / 24 ok    fail: 0   (0.0%)

  --> bug NOT triggered this run (likely the slow-path waiters drained
      before kill, or the victim's PUTs hadn't fanned out far enough).
      Try larger PAYLOAD_BYTES, larger WRITERS_PER_KEY, or tune KILL_DELAY.

Warning: Permanently added '192.168.2.191' (ED25519) to the list of known hosts."
184,h18w32p16k0.47r1s10,3,18,32,16,0.47,1,10,6,8,89.34,0,0,0,0,0,0,"  hot keys: 1 rounds x 3 survivors x 18 keys
  cold keys (control): 1 round x 3 survivors x 8 keys

===============================================================
  RESULT
===============================================================
  HOT (contended): 54 / 54 ok    fail: 0   (0.0%)
  COLD (control):  24 / 24 ok    fail: 0   (0.0%)

  --> bug NOT triggered this run (likely the slow-path waiters drained
      before kill, or the victim's PUTs hadn't fanned out far enough).
      Try larger PAYLOAD_BYTES, larger WRITERS_PER_KEY, or tune KILL_DELAY.

Warning: Permanently added '192.168.2.192' (ED25519) to the list of known hosts."
185,h12w36p16k0.70r2s8,0,12,36,16,0.7,2,8,4,8,78.69,0,0,0,0,0,0,"  hot keys: 2 rounds x 3 survivors x 12 keys
  cold keys (control): 1 round x 3 survivors x 8 keys

===============================================================
  RESULT
===============================================================
  HOT (contended): 72 / 72 ok    fail: 0   (0.0%)
  COLD (control):  24 / 24 ok    fail: 0   (0.0%)

  --> bug NOT triggered this run (likely the slow-path waiters drained
      before kill, or the victim's PUTs hadn't fanned out far enough).
      Try larger PAYLOAD_BYTES, larger WRITERS_PER_KEY, or tune KILL_DELAY.

Warning: Permanently added '192.168.2.189' (ED25519) to the list of known hosts."
186,h16w32p8k0.56r2s12,1,16,32,8,0.56,2,12,6,10,96.78,0,0,0,0,0,0,"  hot keys: 2 rounds x 3 survivors x 16 keys
  cold keys (control): 1 round x 3 survivors x 8 keys

===============================================================
  RESULT
===============================================================
  HOT (contended): 96 / 96 ok    fail: 0   (0.0%)
  COLD (control):  24 / 24 ok    fail: 0   (0.0%)

  --> bug NOT triggered this run (likely the slow-path waiters drained
      before kill, or the victim's PUTs hadn't fanned out far enough).
      Try larger PAYLOAD_BYTES, larger WRITERS_PER_KEY, or tune KILL_DELAY.

Warning: Permanently added '192.168.2.190' (ED25519) to the list of known hosts."
187,h16w24p12k0.66r2s10,2,16,24,12,0.66,2,10,4,6,86.41,0,0,0,0,0,0,"  hot keys: 2 rounds x 3 survivors x 16 keys
  cold keys (control): 1 round x 3 survivors x 8 keys

===============================================================
  RESULT
===============================================================
  HOT (contended): 96 / 96 ok    fail: 0   (0.0%)
  COLD (control):  24 / 24 ok    fail: 0   (0.0%)

  --> bug NOT triggered this run (likely the slow-path waiters drained
      before kill, or the victim's PUTs hadn't fanned out far enough).
      Try larger PAYLOAD_BYTES, larger WRITERS_PER_KEY, or tune KILL_DELAY.

Warning: Permanently added '192.168.2.191' (ED25519) to the list of known hosts."
188,h16w36p8k0.66r1s10,3,16,36,8,0.66,1,10,8,8,99.13,0,0,3,0,1,1,"
  hot failures by endpoint:
    192.168.2.189     3 /  16 fail
    192.168.2.190     0 /  16 fail
    192.168.2.191     0 /  16 fail
  hot failures by key (idx -> total fail across all rounds*endpoints):
    key 14:   1
    key 15:   1
    key 16:   1

  --> bug REPRODUCED. Hot-key reads fail while the cold control set
      is fine -- only the contended keys hold stale WRITERS_WAITING flags.

Warning: Permanently added '192.168.2.192' (ED25519) to the list of known hosts."
189,h12w28p12k0.45r3s10,0,12,28,12,0.45,3,10,6,10,86.85,0,0,0,0,0,0,"  hot keys: 3 rounds x 3 survivors x 12 keys
  cold keys (control): 1 round x 3 survivors x 8 keys

===============================================================
  RESULT
===============================================================
  HOT (contended): 108 / 108 ok    fail: 0   (0.0%)
  COLD (control):  24 / 24 ok    fail: 0   (0.0%)

  --> bug NOT triggered this run (likely the slow-path waiters drained
      before kill, or the victim's PUTs hadn't fanned out far enough).
      Try larger PAYLOAD_BYTES, larger WRITERS_PER_KEY, or tune KILL_DELAY.

Warning: Permanently added '192.168.2.189' (ED25519) to the list of known hosts."
190,h10w32p20k0.76r2s10,1,10,32,20,0.76,2,10,6,10,72.74,0,0,0,0,0,0,"  hot keys: 2 rounds x 3 survivors x 10 keys
  cold keys (control): 1 round x 3 survivors x 8 keys

===============================================================
  RESULT
===============================================================
  HOT (contended): 60 / 60 ok    fail: 0   (0.0%)
  COLD (control):  24 / 24 ok    fail: 0   (0.0%)

  --> bug NOT triggered this run (likely the slow-path waiters drained
      before kill, or the victim's PUTs hadn't fanned out far enough).
      Try larger PAYLOAD_BYTES, larger WRITERS_PER_KEY, or tune KILL_DELAY.

Warning: Permanently added '192.168.2.190' (ED25519) to the list of known hosts."
191,h14w28p16k0.87r2s14,2,14,28,16,0.87,2,14,6,6,86.49,0,0,0,0,0,0,"  hot keys: 2 rounds x 3 survivors x 14 keys
  cold keys (control): 1 round x 3 survivors x 8 keys

===============================================================
  RESULT
===============================================================
  HOT (contended): 84 / 84 ok    fail: 0   (0.0%)
  COLD (control):  24 / 24 ok    fail: 0   (0.0%)

  --> bug NOT triggered this run (likely the slow-path waiters drained
      before kill, or the victim's PUTs hadn't fanned out far enough).
      Try larger PAYLOAD_BYTES, larger WRITERS_PER_KEY, or tune KILL_DELAY.

Warning: Permanently added '192.168.2.191' (ED25519) to the list of known hosts."
192,h18w36p8k0.38r2s14,3,18,36,8,0.38,2,14,8,8,107.95,0,0,3,0,1,1,"
  hot failures by endpoint:
    192.168.2.189     3 /  36 fail
    192.168.2.190     0 /  36 fail
    192.168.2.191     0 /  36 fail
  hot failures by key (idx -> total fail across all rounds*endpoints):
    key 12:   1
    key 13:   1
    key 14:   1

  --> bug REPRODUCED. Hot-key reads fail while the cold control set
      is fine -- only the contended keys hold stale WRITERS_WAITING flags.

Warning: Permanently added '192.168.2.192' (ED25519) to the list of known hosts."
193,h16w32p8k0.40r2s12,0,16,32,8,0.4,2,12,4,8,95.45,0,0,0,0,0,0,"  hot keys: 2 rounds x 3 survivors x 16 keys
  cold keys (control): 1 round x 3 survivors x 8 keys

===============================================================
  RESULT
===============================================================
  HOT (contended): 96 / 96 ok    fail: 0   (0.0%)
  COLD (control):  24 / 24 ok    fail: 0   (0.0%)

  --> bug NOT triggered this run (likely the slow-path waiters drained
      before kill, or the victim's PUTs hadn't fanned out far enough).
      Try larger PAYLOAD_BYTES, larger WRITERS_PER_KEY, or tune KILL_DELAY.

Warning: Permanently added '192.168.2.189' (ED25519) to the list of known hosts."
194,h14w32p12k0.78r2s10,1,14,32,12,0.78,2,10,6,8,85.88,0,0,0,0,0,0,"  hot keys: 2 rounds x 3 survivors x 14 keys
  cold keys (control): 1 round x 3 survivors x 8 keys

===============================================================
  RESULT
===============================================================
  HOT (contended): 84 / 84 ok    fail: 0   (0.0%)
  COLD (control):  24 / 24 ok    fail: 0   (0.0%)

  --> bug NOT triggered this run (likely the slow-path waiters drained
      before kill, or the victim's PUTs hadn't fanned out far enough).
      Try larger PAYLOAD_BYTES, larger WRITERS_PER_KEY, or tune KILL_DELAY.

Warning: Permanently added '192.168.2.190' (ED25519) to the list of known hosts."
195,h14w36p24k0.57r2s8,2,14,36,24,0.57,2,8,6,6,90.36,0,0,0,0,0,0,"  hot keys: 2 rounds x 3 survivors x 14 keys
  cold keys (control): 1 round x 3 survivors x 8 keys

===============================================================
  RESULT
===============================================================
  HOT (contended): 84 / 84 ok    fail: 0   (0.0%)
  COLD (control):  24 / 24 ok    fail: 0   (0.0%)

  --> bug NOT triggered this run (likely the slow-path waiters drained
      before kill, or the victim's PUTs hadn't fanned out far enough).
      Try larger PAYLOAD_BYTES, larger WRITERS_PER_KEY, or tune KILL_DELAY.

Warning: Permanently added '192.168.2.191' (ED25519) to the list of known hosts."
196,h18w40p16k0.80r2s10,3,18,40,16,0.8,2,10,4,8,112.72,0,0,3,0,1,1,"
  hot failures by endpoint:
    192.168.2.189     3 /  36 fail
    192.168.2.190     0 /  36 fail
    192.168.2.191     0 /  36 fail
  hot failures by key (idx -> total fail across all rounds*endpoints):
    key 11:   1
    key 12:   1
    key 13:   1

  --> bug REPRODUCED. Hot-key reads fail while the cold control set
      is fine -- only the contended keys hold stale WRITERS_WAITING flags.

Warning: Permanently added '192.168.2.192' (ED25519) to the list of known hosts."
197,h16w32p20k0.43r1s12,0,16,32,20,0.43,1,12,6,6,83.45,0,0,0,0,0,0,"  hot keys: 1 rounds x 3 survivors x 16 keys
  cold keys (control): 1 round x 3 survivors x 8 keys

===============================================================
  RESULT
===============================================================
  HOT (contended): 48 / 48 ok    fail: 0   (0.0%)
  COLD (control):  24 / 24 ok    fail: 0   (0.0%)

  --> bug NOT triggered this run (likely the slow-path waiters drained
      before kill, or the victim's PUTs hadn't fanned out far enough).
      Try larger PAYLOAD_BYTES, larger WRITERS_PER_KEY, or tune KILL_DELAY.

Warning: Permanently added '192.168.2.189' (ED25519) to the list of known hosts."
198,h16w32p8k0.69r2s10,1,16,32,8,0.69,2,10,6,8,92.71,0,0,0,0,0,0,"  hot keys: 2 rounds x 3 survivors x 16 keys
  cold keys (control): 1 round x 3 survivors x 8 keys

===============================================================
  RESULT
===============================================================
  HOT (contended): 96 / 96 ok    fail: 0   (0.0%)
  COLD (control):  24 / 24 ok    fail: 0   (0.0%)

  --> bug NOT triggered this run (likely the slow-path waiters drained
      before kill, or the victim's PUTs hadn't fanned out far enough).
      Try larger PAYLOAD_BYTES, larger WRITERS_PER_KEY, or tune KILL_DELAY.

Warning: Permanently added '192.168.2.190' (ED25519) to the list of known hosts."
199,h14w24p16k0.55r2s10,2,14,24,16,0.55,2,10,4,6,82.19,0,0,0,0,0,0,"  hot keys: 2 rounds x 3 survivors x 14 keys
  cold keys (control): 1 round x 3 survivors x 8 keys

===============================================================
  RESULT
===============================================================
  HOT (contended): 84 / 84 ok    fail: 0   (0.0%)
  COLD (control):  24 / 24 ok    fail: 0   (0.0%)

  --> bug NOT triggered this run (likely the slow-path waiters drained
      before kill, or the victim's PUTs hadn't fanned out far enough).
      Try larger PAYLOAD_BYTES, larger WRITERS_PER_KEY, or tune KILL_DELAY.

Warning: Permanently added '192.168.2.191' (ED25519) to the list of known hosts."
200,h10w28p20k0.82r2s10,3,10,28,20,0.82,2,10,8,8,70.34,0,0,0,0,0,0,"  hot keys: 2 rounds x 3 survivors x 10 keys
  cold keys (control): 1 round x 3 survivors x 8 keys

===============================================================
  RESULT
===============================================================
  HOT (contended): 60 / 60 ok    fail: 0   (0.0%)
  COLD (control):  24 / 24 ok    fail: 0   (0.0%)

  --> bug NOT triggered this run (likely the slow-path waiters drained
      before kill, or the victim's PUTs hadn't fanned out far enough).
      Try larger PAYLOAD_BYTES, larger WRITERS_PER_KEY, or tune KILL_DELAY.

Warning: Permanently added '192.168.2.192' (ED25519) to the list of known hosts."
