iter,variant_id,victim_idx,hot_keys,writers_per_key,payload_mib,kill_delay_s,read_rounds,settle_s,populate_parallel,post_populate_settle,duration_s,exit_code,baseline_fail,hot_fail,cold_fail,reproduced_strict,reproduced_hot_any,raw_tail
1,h18w40p16k0.56r3s10,0,18,40,16,0.56,3,10,4,6,149.55,0,0,0,0,0,0,"  hot keys: 3 rounds x 3 survivors x 18 keys
  cold keys (control): 1 round x 3 survivors x 8 keys

===============================================================
  RESULT
===============================================================
  HOT (contended): 162 / 162 ok    fail: 0   (0.0%)
  COLD (control):  24 / 24 ok    fail: 0   (0.0%)

  --> bug NOT triggered this run (likely the slow-path waiters drained
      before kill, or the victim's PUTs hadn't fanned out far enough).
      Try larger PAYLOAD_BYTES, larger WRITERS_PER_KEY, or tune KILL_DELAY.

Warning: Permanently added '192.168.2.189' (ED25519) to the list of known hosts."
2,h16w32p8k0.66r3s10,1,16,32,8,0.66,3,10,8,10,115.57,0,0,0,0,0,0,"  hot keys: 3 rounds x 3 survivors x 16 keys
  cold keys (control): 1 round x 3 survivors x 8 keys

===============================================================
  RESULT
===============================================================
  HOT (contended): 144 / 144 ok    fail: 0   (0.0%)
  COLD (control):  24 / 24 ok    fail: 0   (0.0%)

  --> bug NOT triggered this run (likely the slow-path waiters drained
      before kill, or the victim's PUTs hadn't fanned out far enough).
      Try larger PAYLOAD_BYTES, larger WRITERS_PER_KEY, or tune KILL_DELAY.

Warning: Permanently added '192.168.2.190' (ED25519) to the list of known hosts."
3,h12w24p16k0.52r2s10,2,12,24,16,0.52,2,10,6,8,78.49,0,0,0,0,0,0,"  hot keys: 2 rounds x 3 survivors x 12 keys
  cold keys (control): 1 round x 3 survivors x 8 keys

===============================================================
  RESULT
===============================================================
  HOT (contended): 72 / 72 ok    fail: 0   (0.0%)
  COLD (control):  24 / 24 ok    fail: 0   (0.0%)

  --> bug NOT triggered this run (likely the slow-path waiters drained
      before kill, or the victim's PUTs hadn't fanned out far enough).
      Try larger PAYLOAD_BYTES, larger WRITERS_PER_KEY, or tune KILL_DELAY.

Warning: Permanently added '192.168.2.191' (ED25519) to the list of known hosts."
4,h12w28p12k0.49r3s14,3,12,28,12,0.49,3,14,4,10,96.45,0,0,0,0,0,0,"  hot keys: 3 rounds x 3 survivors x 12 keys
  cold keys (control): 1 round x 3 survivors x 8 keys

===============================================================
  RESULT
===============================================================
  HOT (contended): 108 / 108 ok    fail: 0   (0.0%)
  COLD (control):  24 / 24 ok    fail: 0   (0.0%)

  --> bug NOT triggered this run (likely the slow-path waiters drained
      before kill, or the victim's PUTs hadn't fanned out far enough).
      Try larger PAYLOAD_BYTES, larger WRITERS_PER_KEY, or tune KILL_DELAY.

Warning: Permanently added '192.168.2.192' (ED25519) to the list of known hosts."
5,h16w32p8k0.61r2s14,0,16,32,8,0.61,2,14,4,10,107.1,0,0,0,0,0,0,"  hot keys: 2 rounds x 3 survivors x 16 keys
  cold keys (control): 1 round x 3 survivors x 8 keys

===============================================================
  RESULT
===============================================================
  HOT (contended): 96 / 96 ok    fail: 0   (0.0%)
  COLD (control):  24 / 24 ok    fail: 0   (0.0%)

  --> bug NOT triggered this run (likely the slow-path waiters drained
      before kill, or the victim's PUTs hadn't fanned out far enough).
      Try larger PAYLOAD_BYTES, larger WRITERS_PER_KEY, or tune KILL_DELAY.

Warning: Permanently added '192.168.2.189' (ED25519) to the list of known hosts."
6,h12w28p12k0.41r1s10,1,12,28,12,0.41,1,10,6,8,67.62,0,0,0,0,0,0,"  hot keys: 1 rounds x 3 survivors x 12 keys
  cold keys (control): 1 round x 3 survivors x 8 keys

===============================================================
  RESULT
===============================================================
  HOT (contended): 36 / 36 ok    fail: 0   (0.0%)
  COLD (control):  24 / 24 ok    fail: 0   (0.0%)

  --> bug NOT triggered this run (likely the slow-path waiters drained
      before kill, or the victim's PUTs hadn't fanned out far enough).
      Try larger PAYLOAD_BYTES, larger WRITERS_PER_KEY, or tune KILL_DELAY.

Warning: Permanently added '192.168.2.190' (ED25519) to the list of known hosts."
7,h14w32p16k0.74r3s10,2,14,32,16,0.74,3,10,8,6,103.09,0,0,0,0,0,0,"  hot keys: 3 rounds x 3 survivors x 14 keys
  cold keys (control): 1 round x 3 survivors x 8 keys

===============================================================
  RESULT
===============================================================
  HOT (contended): 126 / 126 ok    fail: 0   (0.0%)
  COLD (control):  24 / 24 ok    fail: 0   (0.0%)

  --> bug NOT triggered this run (likely the slow-path waiters drained
      before kill, or the victim's PUTs hadn't fanned out far enough).
      Try larger PAYLOAD_BYTES, larger WRITERS_PER_KEY, or tune KILL_DELAY.

Warning: Permanently added '192.168.2.191' (ED25519) to the list of known hosts."
8,h16w40p16k0.50r2s8,3,16,40,16,0.5,2,8,6,6,115.52,0,0,0,0,0,0,"  hot keys: 2 rounds x 3 survivors x 16 keys
  cold keys (control): 1 round x 3 survivors x 8 keys

===============================================================
  RESULT
===============================================================
  HOT (contended): 96 / 96 ok    fail: 0   (0.0%)
  COLD (control):  24 / 24 ok    fail: 0   (0.0%)

  --> bug NOT triggered this run (likely the slow-path waiters drained
      before kill, or the victim's PUTs hadn't fanned out far enough).
      Try larger PAYLOAD_BYTES, larger WRITERS_PER_KEY, or tune KILL_DELAY.

Warning: Permanently added '192.168.2.192' (ED25519) to the list of known hosts."
9,h10w36p12k0.74r3s14,0,10,36,12,0.74,3,14,4,10,89.11,0,0,0,0,0,0,"  hot keys: 3 rounds x 3 survivors x 10 keys
  cold keys (control): 1 round x 3 survivors x 8 keys

===============================================================
  RESULT
===============================================================
  HOT (contended): 90 / 90 ok    fail: 0   (0.0%)
  COLD (control):  24 / 24 ok    fail: 0   (0.0%)

  --> bug NOT triggered this run (likely the slow-path waiters drained
      before kill, or the victim's PUTs hadn't fanned out far enough).
      Try larger PAYLOAD_BYTES, larger WRITERS_PER_KEY, or tune KILL_DELAY.

Warning: Permanently added '192.168.2.189' (ED25519) to the list of known hosts."
10,h10w28p16k0.74r2s8,1,10,28,16,0.74,2,8,8,8,69.23,0,0,0,0,0,0,"  hot keys: 2 rounds x 3 survivors x 10 keys
  cold keys (control): 1 round x 3 survivors x 8 keys

===============================================================
  RESULT
===============================================================
  HOT (contended): 60 / 60 ok    fail: 0   (0.0%)
  COLD (control):  24 / 24 ok    fail: 0   (0.0%)

  --> bug NOT triggered this run (likely the slow-path waiters drained
      before kill, or the victim's PUTs hadn't fanned out far enough).
      Try larger PAYLOAD_BYTES, larger WRITERS_PER_KEY, or tune KILL_DELAY.

Warning: Permanently added '192.168.2.190' (ED25519) to the list of known hosts."
11,h18w28p24k0.62r3s10,2,18,28,24,0.62,3,10,6,8,134.0,0,0,0,0,0,0,"  hot keys: 3 rounds x 3 survivors x 18 keys
  cold keys (control): 1 round x 3 survivors x 8 keys

===============================================================
  RESULT
===============================================================
  HOT (contended): 162 / 162 ok    fail: 0   (0.0%)
  COLD (control):  24 / 24 ok    fail: 0   (0.0%)

  --> bug NOT triggered this run (likely the slow-path waiters drained
      before kill, or the victim's PUTs hadn't fanned out far enough).
      Try larger PAYLOAD_BYTES, larger WRITERS_PER_KEY, or tune KILL_DELAY.

Warning: Permanently added '192.168.2.191' (ED25519) to the list of known hosts."
12,h14w32p16k0.61r2s10,3,14,32,16,0.61,2,10,8,10,94.05,0,0,0,0,0,0,"  hot keys: 2 rounds x 3 survivors x 14 keys
  cold keys (control): 1 round x 3 survivors x 8 keys

===============================================================
  RESULT
===============================================================
  HOT (contended): 84 / 84 ok    fail: 0   (0.0%)
  COLD (control):  24 / 24 ok    fail: 0   (0.0%)

  --> bug NOT triggered this run (likely the slow-path waiters drained
      before kill, or the victim's PUTs hadn't fanned out far enough).
      Try larger PAYLOAD_BYTES, larger WRITERS_PER_KEY, or tune KILL_DELAY.

Warning: Permanently added '192.168.2.192' (ED25519) to the list of known hosts."
13,h14w36p16k0.86r3s10,0,14,36,16,0.86,3,10,6,10,110.89,0,0,0,0,0,0,"  hot keys: 3 rounds x 3 survivors x 14 keys
  cold keys (control): 1 round x 3 survivors x 8 keys

===============================================================
  RESULT
===============================================================
  HOT (contended): 126 / 126 ok    fail: 0   (0.0%)
  COLD (control):  24 / 24 ok    fail: 0   (0.0%)

  --> bug NOT triggered this run (likely the slow-path waiters drained
      before kill, or the victim's PUTs hadn't fanned out far enough).
      Try larger PAYLOAD_BYTES, larger WRITERS_PER_KEY, or tune KILL_DELAY.

Warning: Permanently added '192.168.2.189' (ED25519) to the list of known hosts."
14,h10w32p8k0.60r2s12,1,10,32,8,0.6,2,12,8,10,74.79,0,0,0,0,0,0,"  hot keys: 2 rounds x 3 survivors x 10 keys
  cold keys (control): 1 round x 3 survivors x 8 keys

===============================================================
  RESULT
===============================================================
  HOT (contended): 60 / 60 ok    fail: 0   (0.0%)
  COLD (control):  24 / 24 ok    fail: 0   (0.0%)

  --> bug NOT triggered this run (likely the slow-path waiters drained
      before kill, or the victim's PUTs hadn't fanned out far enough).
      Try larger PAYLOAD_BYTES, larger WRITERS_PER_KEY, or tune KILL_DELAY.

Warning: Permanently added '192.168.2.190' (ED25519) to the list of known hosts."
15,h14w36p12k0.45r2s8,2,14,36,12,0.45,2,8,6,8,91.04,0,0,0,0,0,0,"  hot keys: 2 rounds x 3 survivors x 14 keys
  cold keys (control): 1 round x 3 survivors x 8 keys

===============================================================
  RESULT
===============================================================
  HOT (contended): 84 / 84 ok    fail: 0   (0.0%)
  COLD (control):  24 / 24 ok    fail: 0   (0.0%)

  --> bug NOT triggered this run (likely the slow-path waiters drained
      before kill, or the victim's PUTs hadn't fanned out far enough).
      Try larger PAYLOAD_BYTES, larger WRITERS_PER_KEY, or tune KILL_DELAY.

Warning: Permanently added '192.168.2.191' (ED25519) to the list of known hosts."
16,h14w40p16k0.38r2s14,3,14,40,16,0.38,2,14,8,8,101.5,0,0,0,0,0,0,"  hot keys: 2 rounds x 3 survivors x 14 keys
  cold keys (control): 1 round x 3 survivors x 8 keys

===============================================================
  RESULT
===============================================================
  HOT (contended): 84 / 84 ok    fail: 0   (0.0%)
  COLD (control):  24 / 24 ok    fail: 0   (0.0%)

  --> bug NOT triggered this run (likely the slow-path waiters drained
      before kill, or the victim's PUTs hadn't fanned out far enough).
      Try larger PAYLOAD_BYTES, larger WRITERS_PER_KEY, or tune KILL_DELAY.

Warning: Permanently added '192.168.2.192' (ED25519) to the list of known hosts."
17,h14w24p8k0.60r2s8,0,14,24,8,0.6,2,8,6,8,83.96,0,0,0,0,0,0,"  hot keys: 2 rounds x 3 survivors x 14 keys
  cold keys (control): 1 round x 3 survivors x 8 keys

===============================================================
  RESULT
===============================================================
  HOT (contended): 84 / 84 ok    fail: 0   (0.0%)
  COLD (control):  24 / 24 ok    fail: 0   (0.0%)

  --> bug NOT triggered this run (likely the slow-path waiters drained
      before kill, or the victim's PUTs hadn't fanned out far enough).
      Try larger PAYLOAD_BYTES, larger WRITERS_PER_KEY, or tune KILL_DELAY.

Warning: Permanently added '192.168.2.189' (ED25519) to the list of known hosts."
18,h10w36p24k0.49r2s12,1,10,36,24,0.49,2,12,4,10,82.01,0,0,0,0,0,0,"  hot keys: 2 rounds x 3 survivors x 10 keys
  cold keys (control): 1 round x 3 survivors x 8 keys

===============================================================
  RESULT
===============================================================
  HOT (contended): 60 / 60 ok    fail: 0   (0.0%)
  COLD (control):  24 / 24 ok    fail: 0   (0.0%)

  --> bug NOT triggered this run (likely the slow-path waiters drained
      before kill, or the victim's PUTs hadn't fanned out far enough).
      Try larger PAYLOAD_BYTES, larger WRITERS_PER_KEY, or tune KILL_DELAY.

Warning: Permanently added '192.168.2.190' (ED25519) to the list of known hosts."
19,h12w36p24k0.64r3s14,2,12,36,24,0.64,3,14,6,8,105.83,0,0,0,0,0,0,"  hot keys: 3 rounds x 3 survivors x 12 keys
  cold keys (control): 1 round x 3 survivors x 8 keys

===============================================================
  RESULT
===============================================================
  HOT (contended): 108 / 108 ok    fail: 0   (0.0%)
  COLD (control):  24 / 24 ok    fail: 0   (0.0%)

  --> bug NOT triggered this run (likely the slow-path waiters drained
      before kill, or the victim's PUTs hadn't fanned out far enough).
      Try larger PAYLOAD_BYTES, larger WRITERS_PER_KEY, or tune KILL_DELAY.

Warning: Permanently added '192.168.2.191' (ED25519) to the list of known hosts."
20,h14w32p16k0.78r2s10,3,14,32,16,0.78,2,10,6,8,92.24,0,0,0,0,0,0,"  hot keys: 2 rounds x 3 survivors x 14 keys
  cold keys (control): 1 round x 3 survivors x 8 keys

===============================================================
  RESULT
===============================================================
  HOT (contended): 84 / 84 ok    fail: 0   (0.0%)
  COLD (control):  24 / 24 ok    fail: 0   (0.0%)

  --> bug NOT triggered this run (likely the slow-path waiters drained
      before kill, or the victim's PUTs hadn't fanned out far enough).
      Try larger PAYLOAD_BYTES, larger WRITERS_PER_KEY, or tune KILL_DELAY.

Warning: Permanently added '192.168.2.192' (ED25519) to the list of known hosts."
21,h18w36p8k0.74r1s10,0,18,36,8,0.74,1,10,6,8,103.05,0,0,0,0,0,0,"  hot keys: 1 rounds x 3 survivors x 18 keys
  cold keys (control): 1 round x 3 survivors x 8 keys

===============================================================
  RESULT
===============================================================
  HOT (contended): 54 / 54 ok    fail: 0   (0.0%)
  COLD (control):  24 / 24 ok    fail: 0   (0.0%)

  --> bug NOT triggered this run (likely the slow-path waiters drained
      before kill, or the victim's PUTs hadn't fanned out far enough).
      Try larger PAYLOAD_BYTES, larger WRITERS_PER_KEY, or tune KILL_DELAY.

Warning: Permanently added '192.168.2.189' (ED25519) to the list of known hosts."
22,h16w32p24k0.76r2s14,1,16,32,24,0.76,2,14,4,8,111.64,0,0,0,0,0,0,"  hot keys: 2 rounds x 3 survivors x 16 keys
  cold keys (control): 1 round x 3 survivors x 8 keys

===============================================================
  RESULT
===============================================================
  HOT (contended): 96 / 96 ok    fail: 0   (0.0%)
  COLD (control):  24 / 24 ok    fail: 0   (0.0%)

  --> bug NOT triggered this run (likely the slow-path waiters drained
      before kill, or the victim's PUTs hadn't fanned out far enough).
      Try larger PAYLOAD_BYTES, larger WRITERS_PER_KEY, or tune KILL_DELAY.

Warning: Permanently added '192.168.2.190' (ED25519) to the list of known hosts."
23,h14w32p20k0.85r2s14,2,14,32,20,0.85,2,14,4,6,97.01,0,0,0,0,0,0,"  hot keys: 2 rounds x 3 survivors x 14 keys
  cold keys (control): 1 round x 3 survivors x 8 keys

===============================================================
  RESULT
===============================================================
  HOT (contended): 84 / 84 ok    fail: 0   (0.0%)
  COLD (control):  24 / 24 ok    fail: 0   (0.0%)

  --> bug NOT triggered this run (likely the slow-path waiters drained
      before kill, or the victim's PUTs hadn't fanned out far enough).
      Try larger PAYLOAD_BYTES, larger WRITERS_PER_KEY, or tune KILL_DELAY.

Warning: Permanently added '192.168.2.191' (ED25519) to the list of known hosts."
24,h10w36p16k0.81r2s8,3,10,36,16,0.81,2,8,8,8,72.33,0,0,0,0,0,0,"  hot keys: 2 rounds x 3 survivors x 10 keys
  cold keys (control): 1 round x 3 survivors x 8 keys

===============================================================
  RESULT
===============================================================
  HOT (contended): 60 / 60 ok    fail: 0   (0.0%)
  COLD (control):  24 / 24 ok    fail: 0   (0.0%)

  --> bug NOT triggered this run (likely the slow-path waiters drained
      before kill, or the victim's PUTs hadn't fanned out far enough).
      Try larger PAYLOAD_BYTES, larger WRITERS_PER_KEY, or tune KILL_DELAY.

Warning: Permanently added '192.168.2.192' (ED25519) to the list of known hosts."
25,h12w24p24k0.70r2s10,0,12,24,24,0.7,2,10,8,6,82.17,0,0,0,0,0,0,"  hot keys: 2 rounds x 3 survivors x 12 keys
  cold keys (control): 1 round x 3 survivors x 8 keys

===============================================================
  RESULT
===============================================================
  HOT (contended): 72 / 72 ok    fail: 0   (0.0%)
  COLD (control):  24 / 24 ok    fail: 0   (0.0%)

  --> bug NOT triggered this run (likely the slow-path waiters drained
      before kill, or the victim's PUTs hadn't fanned out far enough).
      Try larger PAYLOAD_BYTES, larger WRITERS_PER_KEY, or tune KILL_DELAY.

Warning: Permanently added '192.168.2.189' (ED25519) to the list of known hosts."
26,h18w32p8k0.65r3s12,1,18,32,8,0.65,3,12,4,6,125.79,0,0,0,0,0,0,"  hot keys: 3 rounds x 3 survivors x 18 keys
  cold keys (control): 1 round x 3 survivors x 8 keys

===============================================================
  RESULT
===============================================================
  HOT (contended): 162 / 162 ok    fail: 0   (0.0%)
  COLD (control):  24 / 24 ok    fail: 0   (0.0%)

  --> bug NOT triggered this run (likely the slow-path waiters drained
      before kill, or the victim's PUTs hadn't fanned out far enough).
      Try larger PAYLOAD_BYTES, larger WRITERS_PER_KEY, or tune KILL_DELAY.

Warning: Permanently added '192.168.2.190' (ED25519) to the list of known hosts."
27,h16w40p24k0.47r2s14,2,16,40,24,0.47,2,14,6,8,148.98,0,0,0,0,0,0,"  hot keys: 2 rounds x 3 survivors x 16 keys
  cold keys (control): 1 round x 3 survivors x 8 keys

===============================================================
  RESULT
===============================================================
  HOT (contended): 96 / 96 ok    fail: 0   (0.0%)
  COLD (control):  24 / 24 ok    fail: 0   (0.0%)

  --> bug NOT triggered this run (likely the slow-path waiters drained
      before kill, or the victim's PUTs hadn't fanned out far enough).
      Try larger PAYLOAD_BYTES, larger WRITERS_PER_KEY, or tune KILL_DELAY.

Warning: Permanently added '192.168.2.191' (ED25519) to the list of known hosts."
28,h14w32p16k0.77r2s14,3,14,32,16,0.77,2,14,8,8,95.42,0,0,0,0,0,0,"  hot keys: 2 rounds x 3 survivors x 14 keys
  cold keys (control): 1 round x 3 survivors x 8 keys

===============================================================
  RESULT
===============================================================
  HOT (contended): 84 / 84 ok    fail: 0   (0.0%)
  COLD (control):  24 / 24 ok    fail: 0   (0.0%)

  --> bug NOT triggered this run (likely the slow-path waiters drained
      before kill, or the victim's PUTs hadn't fanned out far enough).
      Try larger PAYLOAD_BYTES, larger WRITERS_PER_KEY, or tune KILL_DELAY.

Warning: Permanently added '192.168.2.192' (ED25519) to the list of known hosts."
29,h18w24p8k0.61r3s10,0,18,24,8,0.61,3,10,8,6,117.39,0,0,0,0,0,0,"  hot keys: 3 rounds x 3 survivors x 18 keys
  cold keys (control): 1 round x 3 survivors x 8 keys

===============================================================
  RESULT
===============================================================
  HOT (contended): 162 / 162 ok    fail: 0   (0.0%)
  COLD (control):  24 / 24 ok    fail: 0   (0.0%)

  --> bug NOT triggered this run (likely the slow-path waiters drained
      before kill, or the victim's PUTs hadn't fanned out far enough).
      Try larger PAYLOAD_BYTES, larger WRITERS_PER_KEY, or tune KILL_DELAY.

Warning: Permanently added '192.168.2.189' (ED25519) to the list of known hosts."
30,h16w24p20k0.39r2s10,1,16,24,20,0.39,2,10,6,8,98.0,0,0,0,0,0,0,"  hot keys: 2 rounds x 3 survivors x 16 keys
  cold keys (control): 1 round x 3 survivors x 8 keys

===============================================================
  RESULT
===============================================================
  HOT (contended): 96 / 96 ok    fail: 0   (0.0%)
  COLD (control):  24 / 24 ok    fail: 0   (0.0%)

  --> bug NOT triggered this run (likely the slow-path waiters drained
      before kill, or the victim's PUTs hadn't fanned out far enough).
      Try larger PAYLOAD_BYTES, larger WRITERS_PER_KEY, or tune KILL_DELAY.

Warning: Permanently added '192.168.2.190' (ED25519) to the list of known hosts."
31,h14w24p16k0.82r1s8,2,14,24,16,0.82,1,8,8,10,73.51,0,0,0,0,0,0,"  hot keys: 1 rounds x 3 survivors x 14 keys
  cold keys (control): 1 round x 3 survivors x 8 keys

===============================================================
  RESULT
===============================================================
  HOT (contended): 42 / 42 ok    fail: 0   (0.0%)
  COLD (control):  24 / 24 ok    fail: 0   (0.0%)

  --> bug NOT triggered this run (likely the slow-path waiters drained
      before kill, or the victim's PUTs hadn't fanned out far enough).
      Try larger PAYLOAD_BYTES, larger WRITERS_PER_KEY, or tune KILL_DELAY.

Warning: Permanently added '192.168.2.191' (ED25519) to the list of known hosts."
32,h10w28p8k0.80r2s10,3,10,28,8,0.8,2,10,6,8,69.74,0,0,0,0,0,0,"  hot keys: 2 rounds x 3 survivors x 10 keys
  cold keys (control): 1 round x 3 survivors x 8 keys

===============================================================
  RESULT
===============================================================
  HOT (contended): 60 / 60 ok    fail: 0   (0.0%)
  COLD (control):  24 / 24 ok    fail: 0   (0.0%)

  --> bug NOT triggered this run (likely the slow-path waiters drained
      before kill, or the victim's PUTs hadn't fanned out far enough).
      Try larger PAYLOAD_BYTES, larger WRITERS_PER_KEY, or tune KILL_DELAY.

Warning: Permanently added '192.168.2.192' (ED25519) to the list of known hosts."
33,h12w40p16k0.54r1s10,0,12,40,16,0.54,1,10,8,8,74.51,0,0,0,0,0,0,"  hot keys: 1 rounds x 3 survivors x 12 keys
  cold keys (control): 1 round x 3 survivors x 8 keys

===============================================================
  RESULT
===============================================================
  HOT (contended): 36 / 36 ok    fail: 0   (0.0%)
  COLD (control):  24 / 24 ok    fail: 0   (0.0%)

  --> bug NOT triggered this run (likely the slow-path waiters drained
      before kill, or the victim's PUTs hadn't fanned out far enough).
      Try larger PAYLOAD_BYTES, larger WRITERS_PER_KEY, or tune KILL_DELAY.

Warning: Permanently added '192.168.2.189' (ED25519) to the list of known hosts."
34,h10w36p12k0.71r2s10,1,10,36,12,0.71,2,10,6,6,71.3,0,0,0,0,0,0,"  hot keys: 2 rounds x 3 survivors x 10 keys
  cold keys (control): 1 round x 3 survivors x 8 keys

===============================================================
  RESULT
===============================================================
  HOT (contended): 60 / 60 ok    fail: 0   (0.0%)
  COLD (control):  24 / 24 ok    fail: 0   (0.0%)

  --> bug NOT triggered this run (likely the slow-path waiters drained
      before kill, or the victim's PUTs hadn't fanned out far enough).
      Try larger PAYLOAD_BYTES, larger WRITERS_PER_KEY, or tune KILL_DELAY.

Warning: Permanently added '192.168.2.190' (ED25519) to the list of known hosts."
35,h14w28p16k0.62r2s10,2,14,28,16,0.62,2,10,6,10,93.37,0,0,0,0,0,0,"  hot keys: 2 rounds x 3 survivors x 14 keys
  cold keys (control): 1 round x 3 survivors x 8 keys

===============================================================
  RESULT
===============================================================
  HOT (contended): 84 / 84 ok    fail: 0   (0.0%)
  COLD (control):  24 / 24 ok    fail: 0   (0.0%)

  --> bug NOT triggered this run (likely the slow-path waiters drained
      before kill, or the victim's PUTs hadn't fanned out far enough).
      Try larger PAYLOAD_BYTES, larger WRITERS_PER_KEY, or tune KILL_DELAY.

Warning: Permanently added '192.168.2.191' (ED25519) to the list of known hosts."
36,h16w40p16k0.83r2s14,3,16,40,16,0.83,2,14,8,10,120.25,0,0,0,0,0,0,"  hot keys: 2 rounds x 3 survivors x 16 keys
  cold keys (control): 1 round x 3 survivors x 8 keys

===============================================================
  RESULT
===============================================================
  HOT (contended): 96 / 96 ok    fail: 0   (0.0%)
  COLD (control):  24 / 24 ok    fail: 0   (0.0%)

  --> bug NOT triggered this run (likely the slow-path waiters drained
      before kill, or the victim's PUTs hadn't fanned out far enough).
      Try larger PAYLOAD_BYTES, larger WRITERS_PER_KEY, or tune KILL_DELAY.

Warning: Permanently added '192.168.2.192' (ED25519) to the list of known hosts."
37,h14w28p16k0.41r1s14,0,14,28,16,0.41,1,14,6,8,80.85,0,0,0,0,0,0,"  hot keys: 1 rounds x 3 survivors x 14 keys
  cold keys (control): 1 round x 3 survivors x 8 keys

===============================================================
  RESULT
===============================================================
  HOT (contended): 42 / 42 ok    fail: 0   (0.0%)
  COLD (control):  24 / 24 ok    fail: 0   (0.0%)

  --> bug NOT triggered this run (likely the slow-path waiters drained
      before kill, or the victim's PUTs hadn't fanned out far enough).
      Try larger PAYLOAD_BYTES, larger WRITERS_PER_KEY, or tune KILL_DELAY.

Warning: Permanently added '192.168.2.189' (ED25519) to the list of known hosts."
38,h10w36p8k0.43r2s12,1,10,36,8,0.43,2,12,4,10,77.1,0,0,0,0,0,0,"  hot keys: 2 rounds x 3 survivors x 10 keys
  cold keys (control): 1 round x 3 survivors x 8 keys

===============================================================
  RESULT
===============================================================
  HOT (contended): 60 / 60 ok    fail: 0   (0.0%)
  COLD (control):  24 / 24 ok    fail: 0   (0.0%)

  --> bug NOT triggered this run (likely the slow-path waiters drained
      before kill, or the victim's PUTs hadn't fanned out far enough).
      Try larger PAYLOAD_BYTES, larger WRITERS_PER_KEY, or tune KILL_DELAY.

Warning: Permanently added '192.168.2.190' (ED25519) to the list of known hosts."
39,h10w32p16k0.86r2s10,2,10,32,16,0.86,2,10,4,8,73.52,0,0,0,0,0,0,"  hot keys: 2 rounds x 3 survivors x 10 keys
  cold keys (control): 1 round x 3 survivors x 8 keys

===============================================================
  RESULT
===============================================================
  HOT (contended): 60 / 60 ok    fail: 0   (0.0%)
  COLD (control):  24 / 24 ok    fail: 0   (0.0%)

  --> bug NOT triggered this run (likely the slow-path waiters drained
      before kill, or the victim's PUTs hadn't fanned out far enough).
      Try larger PAYLOAD_BYTES, larger WRITERS_PER_KEY, or tune KILL_DELAY.

Warning: Permanently added '192.168.2.191' (ED25519) to the list of known hosts."
40,h16w36p20k0.52r2s14,3,16,36,20,0.52,2,14,6,6,122.82,0,0,0,0,0,0,"  hot keys: 2 rounds x 3 survivors x 16 keys
  cold keys (control): 1 round x 3 survivors x 8 keys

===============================================================
  RESULT
===============================================================
  HOT (contended): 96 / 96 ok    fail: 0   (0.0%)
  COLD (control):  24 / 24 ok    fail: 0   (0.0%)

  --> bug NOT triggered this run (likely the slow-path waiters drained
      before kill, or the victim's PUTs hadn't fanned out far enough).
      Try larger PAYLOAD_BYTES, larger WRITERS_PER_KEY, or tune KILL_DELAY.

Warning: Permanently added '192.168.2.192' (ED25519) to the list of known hosts."
41,h14w32p16k0.68r1s10,0,14,32,16,0.68,1,10,4,10,81.54,0,0,0,0,0,0,"  hot keys: 1 rounds x 3 survivors x 14 keys
  cold keys (control): 1 round x 3 survivors x 8 keys

===============================================================
  RESULT
===============================================================
  HOT (contended): 42 / 42 ok    fail: 0   (0.0%)
  COLD (control):  24 / 24 ok    fail: 0   (0.0%)

  --> bug NOT triggered this run (likely the slow-path waiters drained
      before kill, or the victim's PUTs hadn't fanned out far enough).
      Try larger PAYLOAD_BYTES, larger WRITERS_PER_KEY, or tune KILL_DELAY.

Warning: Permanently added '192.168.2.189' (ED25519) to the list of known hosts."
42,h14w36p20k0.80r3s12,1,14,36,20,0.8,3,12,4,10,115.93,0,0,0,0,0,0,"  hot keys: 3 rounds x 3 survivors x 14 keys
  cold keys (control): 1 round x 3 survivors x 8 keys

===============================================================
  RESULT
===============================================================
  HOT (contended): 126 / 126 ok    fail: 0   (0.0%)
  COLD (control):  24 / 24 ok    fail: 0   (0.0%)

  --> bug NOT triggered this run (likely the slow-path waiters drained
      before kill, or the victim's PUTs hadn't fanned out far enough).
      Try larger PAYLOAD_BYTES, larger WRITERS_PER_KEY, or tune KILL_DELAY.

Warning: Permanently added '192.168.2.190' (ED25519) to the list of known hosts."
43,h14w28p12k0.69r2s14,2,14,28,12,0.69,2,14,6,10,94.33,0,0,0,0,0,0,"  hot keys: 2 rounds x 3 survivors x 14 keys
  cold keys (control): 1 round x 3 survivors x 8 keys

===============================================================
  RESULT
===============================================================
  HOT (contended): 84 / 84 ok    fail: 0   (0.0%)
  COLD (control):  24 / 24 ok    fail: 0   (0.0%)

  --> bug NOT triggered this run (likely the slow-path waiters drained
      before kill, or the victim's PUTs hadn't fanned out far enough).
      Try larger PAYLOAD_BYTES, larger WRITERS_PER_KEY, or tune KILL_DELAY.

Warning: Permanently added '192.168.2.191' (ED25519) to the list of known hosts."
44,h18w36p16k0.59r2s8,3,18,36,16,0.59,2,8,4,6,127.99,0,0,0,0,0,0,"  hot keys: 2 rounds x 3 survivors x 18 keys
  cold keys (control): 1 round x 3 survivors x 8 keys

===============================================================
  RESULT
===============================================================
  HOT (contended): 108 / 108 ok    fail: 0   (0.0%)
  COLD (control):  24 / 24 ok    fail: 0   (0.0%)

  --> bug NOT triggered this run (likely the slow-path waiters drained
      before kill, or the victim's PUTs hadn't fanned out far enough).
      Try larger PAYLOAD_BYTES, larger WRITERS_PER_KEY, or tune KILL_DELAY.

Warning: Permanently added '192.168.2.192' (ED25519) to the list of known hosts."
45,h16w24p16k0.64r3s12,0,16,24,16,0.64,3,12,4,8,114.14,0,0,0,0,0,0,"  hot keys: 3 rounds x 3 survivors x 16 keys
  cold keys (control): 1 round x 3 survivors x 8 keys

===============================================================
  RESULT
===============================================================
  HOT (contended): 144 / 144 ok    fail: 0   (0.0%)
  COLD (control):  24 / 24 ok    fail: 0   (0.0%)

  --> bug NOT triggered this run (likely the slow-path waiters drained
      before kill, or the victim's PUTs hadn't fanned out far enough).
      Try larger PAYLOAD_BYTES, larger WRITERS_PER_KEY, or tune KILL_DELAY.

Warning: Permanently added '192.168.2.189' (ED25519) to the list of known hosts."
46,h18w40p12k0.83r1s10,1,18,40,12,0.83,1,10,8,10,110.62,0,0,0,0,0,0,"  hot keys: 1 rounds x 3 survivors x 18 keys
  cold keys (control): 1 round x 3 survivors x 8 keys

===============================================================
  RESULT
===============================================================
  HOT (contended): 54 / 54 ok    fail: 0   (0.0%)
  COLD (control):  24 / 24 ok    fail: 0   (0.0%)

  --> bug NOT triggered this run (likely the slow-path waiters drained
      before kill, or the victim's PUTs hadn't fanned out far enough).
      Try larger PAYLOAD_BYTES, larger WRITERS_PER_KEY, or tune KILL_DELAY.

Warning: Permanently added '192.168.2.190' (ED25519) to the list of known hosts."
47,h14w32p16k0.70r3s14,2,14,32,16,0.7,3,14,4,8,111.94,0,0,0,0,0,0,"  hot keys: 3 rounds x 3 survivors x 14 keys
  cold keys (control): 1 round x 3 survivors x 8 keys

===============================================================
  RESULT
===============================================================
  HOT (contended): 126 / 126 ok    fail: 0   (0.0%)
  COLD (control):  24 / 24 ok    fail: 0   (0.0%)

  --> bug NOT triggered this run (likely the slow-path waiters drained
      before kill, or the victim's PUTs hadn't fanned out far enough).
      Try larger PAYLOAD_BYTES, larger WRITERS_PER_KEY, or tune KILL_DELAY.

Warning: Permanently added '192.168.2.191' (ED25519) to the list of known hosts."
48,h18w40p16k0.62r3s8,3,18,40,16,0.62,3,8,6,6,161.96,0,0,1,0,1,1,"  HOT (contended): 161 / 162 ok    fail: 1   (0.6%)
  COLD (control):  24 / 24 ok    fail: 0   (0.0%)

  hot failures by endpoint:
    192.168.2.189     1 /  54 fail
    192.168.2.190     0 /  54 fail
    192.168.2.191     0 /  54 fail
  hot failures by key (idx -> total fail across all rounds*endpoints):
    key  2:   1

  --> bug REPRODUCED. Hot-key reads fail while the cold control set
      is fine -- only the contended keys hold stale WRITERS_WAITING flags.

Warning: Permanently added '192.168.2.192' (ED25519) to the list of known hosts."
49,h14w36p20k0.65r1s10,0,14,36,20,0.65,1,10,8,10,84.33,0,0,0,0,0,0,"  hot keys: 1 rounds x 3 survivors x 14 keys
  cold keys (control): 1 round x 3 survivors x 8 keys

===============================================================
  RESULT
===============================================================
  HOT (contended): 42 / 42 ok    fail: 0   (0.0%)
  COLD (control):  24 / 24 ok    fail: 0   (0.0%)

  --> bug NOT triggered this run (likely the slow-path waiters drained
      before kill, or the victim's PUTs hadn't fanned out far enough).
      Try larger PAYLOAD_BYTES, larger WRITERS_PER_KEY, or tune KILL_DELAY.

Warning: Permanently added '192.168.2.189' (ED25519) to the list of known hosts."
50,h16w36p16k0.44r3s10,1,16,36,16,0.44,3,10,8,10,131.35,0,0,0,0,0,0,"  hot keys: 3 rounds x 3 survivors x 16 keys
  cold keys (control): 1 round x 3 survivors x 8 keys

===============================================================
  RESULT
===============================================================
  HOT (contended): 144 / 144 ok    fail: 0   (0.0%)
  COLD (control):  24 / 24 ok    fail: 0   (0.0%)

  --> bug NOT triggered this run (likely the slow-path waiters drained
      before kill, or the victim's PUTs hadn't fanned out far enough).
      Try larger PAYLOAD_BYTES, larger WRITERS_PER_KEY, or tune KILL_DELAY.

Warning: Permanently added '192.168.2.190' (ED25519) to the list of known hosts."
51,h18w28p12k0.39r1s12,2,18,28,12,0.39,1,12,6,6,89.23,0,0,0,0,0,0,"  hot keys: 1 rounds x 3 survivors x 18 keys
  cold keys (control): 1 round x 3 survivors x 8 keys

===============================================================
  RESULT
===============================================================
  HOT (contended): 54 / 54 ok    fail: 0   (0.0%)
  COLD (control):  24 / 24 ok    fail: 0   (0.0%)

  --> bug NOT triggered this run (likely the slow-path waiters drained
      before kill, or the victim's PUTs hadn't fanned out far enough).
      Try larger PAYLOAD_BYTES, larger WRITERS_PER_KEY, or tune KILL_DELAY.

Warning: Permanently added '192.168.2.191' (ED25519) to the list of known hosts."
52,h14w24p16k0.54r3s10,3,14,24,16,0.54,3,10,6,6,99.16,0,0,0,0,0,0,"  hot keys: 3 rounds x 3 survivors x 14 keys
  cold keys (control): 1 round x 3 survivors x 8 keys

===============================================================
  RESULT
===============================================================
  HOT (contended): 126 / 126 ok    fail: 0   (0.0%)
  COLD (control):  24 / 24 ok    fail: 0   (0.0%)

  --> bug NOT triggered this run (likely the slow-path waiters drained
      before kill, or the victim's PUTs hadn't fanned out far enough).
      Try larger PAYLOAD_BYTES, larger WRITERS_PER_KEY, or tune KILL_DELAY.

Warning: Permanently added '192.168.2.192' (ED25519) to the list of known hosts."
53,h10w32p24k0.57r1s10,0,10,32,24,0.57,1,10,6,6,64.49,0,0,0,0,0,0,"  hot keys: 1 rounds x 3 survivors x 10 keys
  cold keys (control): 1 round x 3 survivors x 8 keys

===============================================================
  RESULT
===============================================================
  HOT (contended): 30 / 30 ok    fail: 0   (0.0%)
  COLD (control):  24 / 24 ok    fail: 0   (0.0%)

  --> bug NOT triggered this run (likely the slow-path waiters drained
      before kill, or the victim's PUTs hadn't fanned out far enough).
      Try larger PAYLOAD_BYTES, larger WRITERS_PER_KEY, or tune KILL_DELAY.

Warning: Permanently added '192.168.2.189' (ED25519) to the list of known hosts."
54,h10w32p16k0.54r3s10,1,10,32,16,0.54,3,10,4,10,86.35,0,0,0,0,0,0,"  hot keys: 3 rounds x 3 survivors x 10 keys
  cold keys (control): 1 round x 3 survivors x 8 keys

===============================================================
  RESULT
===============================================================
  HOT (contended): 90 / 90 ok    fail: 0   (0.0%)
  COLD (control):  24 / 24 ok    fail: 0   (0.0%)

  --> bug NOT triggered this run (likely the slow-path waiters drained
      before kill, or the victim's PUTs hadn't fanned out far enough).
      Try larger PAYLOAD_BYTES, larger WRITERS_PER_KEY, or tune KILL_DELAY.

Warning: Permanently added '192.168.2.190' (ED25519) to the list of known hosts."
55,h14w32p8k0.59r2s10,2,14,32,8,0.59,2,10,6,10,91.69,0,0,0,0,0,0,"  hot keys: 2 rounds x 3 survivors x 14 keys
  cold keys (control): 1 round x 3 survivors x 8 keys

===============================================================
  RESULT
===============================================================
  HOT (contended): 84 / 84 ok    fail: 0   (0.0%)
  COLD (control):  24 / 24 ok    fail: 0   (0.0%)

  --> bug NOT triggered this run (likely the slow-path waiters drained
      before kill, or the victim's PUTs hadn't fanned out far enough).
      Try larger PAYLOAD_BYTES, larger WRITERS_PER_KEY, or tune KILL_DELAY.

Warning: Permanently added '192.168.2.191' (ED25519) to the list of known hosts."
56,h18w32p16k0.54r2s8,3,18,32,16,0.54,2,8,4,6,118.17,0,0,0,0,0,0,"  hot keys: 2 rounds x 3 survivors x 18 keys
  cold keys (control): 1 round x 3 survivors x 8 keys

===============================================================
  RESULT
===============================================================
  HOT (contended): 108 / 108 ok    fail: 0   (0.0%)
  COLD (control):  24 / 24 ok    fail: 0   (0.0%)

  --> bug NOT triggered this run (likely the slow-path waiters drained
      before kill, or the victim's PUTs hadn't fanned out far enough).
      Try larger PAYLOAD_BYTES, larger WRITERS_PER_KEY, or tune KILL_DELAY.

Warning: Permanently added '192.168.2.192' (ED25519) to the list of known hosts."
57,h12w32p24k0.70r1s10,0,12,32,24,0.7,1,10,6,8,75.21,0,0,0,0,0,0,"  hot keys: 1 rounds x 3 survivors x 12 keys
  cold keys (control): 1 round x 3 survivors x 8 keys

===============================================================
  RESULT
===============================================================
  HOT (contended): 36 / 36 ok    fail: 0   (0.0%)
  COLD (control):  24 / 24 ok    fail: 0   (0.0%)

  --> bug NOT triggered this run (likely the slow-path waiters drained
      before kill, or the victim's PUTs hadn't fanned out far enough).
      Try larger PAYLOAD_BYTES, larger WRITERS_PER_KEY, or tune KILL_DELAY.

Warning: Permanently added '192.168.2.189' (ED25519) to the list of known hosts."
58,h16w36p12k0.60r2s14,1,16,36,12,0.6,2,14,6,6,113.07,0,0,0,0,0,0,"  hot keys: 2 rounds x 3 survivors x 16 keys
  cold keys (control): 1 round x 3 survivors x 8 keys

===============================================================
  RESULT
===============================================================
  HOT (contended): 96 / 96 ok    fail: 0   (0.0%)
  COLD (control):  24 / 24 ok    fail: 0   (0.0%)

  --> bug NOT triggered this run (likely the slow-path waiters drained
      before kill, or the victim's PUTs hadn't fanned out far enough).
      Try larger PAYLOAD_BYTES, larger WRITERS_PER_KEY, or tune KILL_DELAY.

Warning: Permanently added '192.168.2.190' (ED25519) to the list of known hosts."
59,h16w32p16k0.41r2s14,2,16,32,16,0.41,2,14,6,8,106.06,0,0,0,0,0,0,"  hot keys: 2 rounds x 3 survivors x 16 keys
  cold keys (control): 1 round x 3 survivors x 8 keys

===============================================================
  RESULT
===============================================================
  HOT (contended): 96 / 96 ok    fail: 0   (0.0%)
  COLD (control):  24 / 24 ok    fail: 0   (0.0%)

  --> bug NOT triggered this run (likely the slow-path waiters drained
      before kill, or the victim's PUTs hadn't fanned out far enough).
      Try larger PAYLOAD_BYTES, larger WRITERS_PER_KEY, or tune KILL_DELAY.

Warning: Permanently added '192.168.2.191' (ED25519) to the list of known hosts."
60,h10w36p16k0.74r2s10,3,10,36,16,0.74,2,10,4,8,75.84,0,0,0,0,0,0,"  hot keys: 2 rounds x 3 survivors x 10 keys
  cold keys (control): 1 round x 3 survivors x 8 keys

===============================================================
  RESULT
===============================================================
  HOT (contended): 60 / 60 ok    fail: 0   (0.0%)
  COLD (control):  24 / 24 ok    fail: 0   (0.0%)

  --> bug NOT triggered this run (likely the slow-path waiters drained
      before kill, or the victim's PUTs hadn't fanned out far enough).
      Try larger PAYLOAD_BYTES, larger WRITERS_PER_KEY, or tune KILL_DELAY.

Warning: Permanently added '192.168.2.192' (ED25519) to the list of known hosts."
61,h16w36p12k0.50r2s10,0,16,36,12,0.5,2,10,8,10,105.27,0,0,0,0,0,0,"  hot keys: 2 rounds x 3 survivors x 16 keys
  cold keys (control): 1 round x 3 survivors x 8 keys

===============================================================
  RESULT
===============================================================
  HOT (contended): 96 / 96 ok    fail: 0   (0.0%)
  COLD (control):  24 / 24 ok    fail: 0   (0.0%)

  --> bug NOT triggered this run (likely the slow-path waiters drained
      before kill, or the victim's PUTs hadn't fanned out far enough).
      Try larger PAYLOAD_BYTES, larger WRITERS_PER_KEY, or tune KILL_DELAY.

Warning: Permanently added '192.168.2.189' (ED25519) to the list of known hosts."
62,h12w32p8k0.69r2s14,1,12,32,8,0.69,2,14,8,8,84.0,0,0,0,0,0,0,"  hot keys: 2 rounds x 3 survivors x 12 keys
  cold keys (control): 1 round x 3 survivors x 8 keys

===============================================================
  RESULT
===============================================================
  HOT (contended): 72 / 72 ok    fail: 0   (0.0%)
  COLD (control):  24 / 24 ok    fail: 0   (0.0%)

  --> bug NOT triggered this run (likely the slow-path waiters drained
      before kill, or the victim's PUTs hadn't fanned out far enough).
      Try larger PAYLOAD_BYTES, larger WRITERS_PER_KEY, or tune KILL_DELAY.

Warning: Permanently added '192.168.2.190' (ED25519) to the list of known hosts."
63,h10w32p16k0.63r2s12,2,10,32,16,0.63,2,12,4,10,77.77,0,0,0,0,0,0,"  hot keys: 2 rounds x 3 survivors x 10 keys
  cold keys (control): 1 round x 3 survivors x 8 keys

===============================================================
  RESULT
===============================================================
  HOT (contended): 60 / 60 ok    fail: 0   (0.0%)
  COLD (control):  24 / 24 ok    fail: 0   (0.0%)

  --> bug NOT triggered this run (likely the slow-path waiters drained
      before kill, or the victim's PUTs hadn't fanned out far enough).
      Try larger PAYLOAD_BYTES, larger WRITERS_PER_KEY, or tune KILL_DELAY.

Warning: Permanently added '192.168.2.191' (ED25519) to the list of known hosts."
64,h14w32p24k0.76r1s10,3,14,32,24,0.76,1,10,4,6,83.54,0,0,0,0,0,0,"  hot keys: 1 rounds x 3 survivors x 14 keys
  cold keys (control): 1 round x 3 survivors x 8 keys

===============================================================
  RESULT
===============================================================
  HOT (contended): 42 / 42 ok    fail: 0   (0.0%)
  COLD (control):  24 / 24 ok    fail: 0   (0.0%)

  --> bug NOT triggered this run (likely the slow-path waiters drained
      before kill, or the victim's PUTs hadn't fanned out far enough).
      Try larger PAYLOAD_BYTES, larger WRITERS_PER_KEY, or tune KILL_DELAY.

Warning: Permanently added '192.168.2.192' (ED25519) to the list of known hosts."
65,h18w28p16k0.77r2s10,0,18,28,16,0.77,2,10,8,8,111.05,0,0,0,0,0,0,"  hot keys: 2 rounds x 3 survivors x 18 keys
  cold keys (control): 1 round x 3 survivors x 8 keys

===============================================================
  RESULT
===============================================================
  HOT (contended): 108 / 108 ok    fail: 0   (0.0%)
  COLD (control):  24 / 24 ok    fail: 0   (0.0%)

  --> bug NOT triggered this run (likely the slow-path waiters drained
      before kill, or the victim's PUTs hadn't fanned out far enough).
      Try larger PAYLOAD_BYTES, larger WRITERS_PER_KEY, or tune KILL_DELAY.

Warning: Permanently added '192.168.2.189' (ED25519) to the list of known hosts."
66,h14w32p8k0.49r2s14,1,14,32,8,0.49,2,14,6,8,94.43,0,0,0,0,0,0,"  hot keys: 2 rounds x 3 survivors x 14 keys
  cold keys (control): 1 round x 3 survivors x 8 keys

===============================================================
  RESULT
===============================================================
  HOT (contended): 84 / 84 ok    fail: 0   (0.0%)
  COLD (control):  24 / 24 ok    fail: 0   (0.0%)

  --> bug NOT triggered this run (likely the slow-path waiters drained
      before kill, or the victim's PUTs hadn't fanned out far enough).
      Try larger PAYLOAD_BYTES, larger WRITERS_PER_KEY, or tune KILL_DELAY.

Warning: Permanently added '192.168.2.190' (ED25519) to the list of known hosts."
67,h12w32p8k0.85r3s14,2,12,32,8,0.85,3,14,6,10,98.35,0,0,0,0,0,0,"  hot keys: 3 rounds x 3 survivors x 12 keys
  cold keys (control): 1 round x 3 survivors x 8 keys

===============================================================
  RESULT
===============================================================
  HOT (contended): 108 / 108 ok    fail: 0   (0.0%)
  COLD (control):  24 / 24 ok    fail: 0   (0.0%)

  --> bug NOT triggered this run (likely the slow-path waiters drained
      before kill, or the victim's PUTs hadn't fanned out far enough).
      Try larger PAYLOAD_BYTES, larger WRITERS_PER_KEY, or tune KILL_DELAY.

Warning: Permanently added '192.168.2.191' (ED25519) to the list of known hosts."
68,h12w28p20k0.50r2s14,3,12,28,20,0.5,2,14,4,8,89.55,0,0,0,0,0,0,"  hot keys: 2 rounds x 3 survivors x 12 keys
  cold keys (control): 1 round x 3 survivors x 8 keys

===============================================================
  RESULT
===============================================================
  HOT (contended): 72 / 72 ok    fail: 0   (0.0%)
  COLD (control):  24 / 24 ok    fail: 0   (0.0%)

  --> bug NOT triggered this run (likely the slow-path waiters drained
      before kill, or the victim's PUTs hadn't fanned out far enough).
      Try larger PAYLOAD_BYTES, larger WRITERS_PER_KEY, or tune KILL_DELAY.

Warning: Permanently added '192.168.2.192' (ED25519) to the list of known hosts."
69,h10w28p8k0.73r2s10,0,10,28,8,0.73,2,10,6,8,70.11,0,0,0,0,0,0,"  hot keys: 2 rounds x 3 survivors x 10 keys
  cold keys (control): 1 round x 3 survivors x 8 keys

===============================================================
  RESULT
===============================================================
  HOT (contended): 60 / 60 ok    fail: 0   (0.0%)
  COLD (control):  24 / 24 ok    fail: 0   (0.0%)

  --> bug NOT triggered this run (likely the slow-path waiters drained
      before kill, or the victim's PUTs hadn't fanned out far enough).
      Try larger PAYLOAD_BYTES, larger WRITERS_PER_KEY, or tune KILL_DELAY.

Warning: Permanently added '192.168.2.189' (ED25519) to the list of known hosts."
70,h16w36p16k0.62r3s10,1,16,36,16,0.62,3,10,6,8,128.28,0,0,0,0,0,0,"  hot keys: 3 rounds x 3 survivors x 16 keys
  cold keys (control): 1 round x 3 survivors x 8 keys

===============================================================
  RESULT
===============================================================
  HOT (contended): 144 / 144 ok    fail: 0   (0.0%)
  COLD (control):  24 / 24 ok    fail: 0   (0.0%)

  --> bug NOT triggered this run (likely the slow-path waiters drained
      before kill, or the victim's PUTs hadn't fanned out far enough).
      Try larger PAYLOAD_BYTES, larger WRITERS_PER_KEY, or tune KILL_DELAY.

Warning: Permanently added '192.168.2.190' (ED25519) to the list of known hosts."
71,h14w24p8k0.40r2s10,2,14,24,8,0.4,2,10,6,8,85.68,0,0,0,0,0,0,"  hot keys: 2 rounds x 3 survivors x 14 keys
  cold keys (control): 1 round x 3 survivors x 8 keys

===============================================================
  RESULT
===============================================================
  HOT (contended): 84 / 84 ok    fail: 0   (0.0%)
  COLD (control):  24 / 24 ok    fail: 0   (0.0%)

  --> bug NOT triggered this run (likely the slow-path waiters drained
      before kill, or the victim's PUTs hadn't fanned out far enough).
      Try larger PAYLOAD_BYTES, larger WRITERS_PER_KEY, or tune KILL_DELAY.

Warning: Permanently added '192.168.2.191' (ED25519) to the list of known hosts."
72,h14w36p12k0.70r1s8,3,14,36,12,0.7,1,8,6,8,77.58,0,0,0,0,0,0,"  hot keys: 1 rounds x 3 survivors x 14 keys
  cold keys (control): 1 round x 3 survivors x 8 keys

===============================================================
  RESULT
===============================================================
  HOT (contended): 42 / 42 ok    fail: 0   (0.0%)
  COLD (control):  24 / 24 ok    fail: 0   (0.0%)

  --> bug NOT triggered this run (likely the slow-path waiters drained
      before kill, or the victim's PUTs hadn't fanned out far enough).
      Try larger PAYLOAD_BYTES, larger WRITERS_PER_KEY, or tune KILL_DELAY.

Warning: Permanently added '192.168.2.192' (ED25519) to the list of known hosts."
73,h10w28p20k0.75r1s10,0,10,28,20,0.75,1,10,6,8,64.25,0,0,0,0,0,0,"  hot keys: 1 rounds x 3 survivors x 10 keys
  cold keys (control): 1 round x 3 survivors x 8 keys

===============================================================
  RESULT
===============================================================
  HOT (contended): 30 / 30 ok    fail: 0   (0.0%)
  COLD (control):  24 / 24 ok    fail: 0   (0.0%)

  --> bug NOT triggered this run (likely the slow-path waiters drained
      before kill, or the victim's PUTs hadn't fanned out far enough).
      Try larger PAYLOAD_BYTES, larger WRITERS_PER_KEY, or tune KILL_DELAY.

Warning: Permanently added '192.168.2.189' (ED25519) to the list of known hosts."
74,h10w36p16k0.76r2s10,1,10,36,16,0.76,2,10,6,6,72.92,0,0,0,0,0,0,"  hot keys: 2 rounds x 3 survivors x 10 keys
  cold keys (control): 1 round x 3 survivors x 8 keys

===============================================================
  RESULT
===============================================================
  HOT (contended): 60 / 60 ok    fail: 0   (0.0%)
  COLD (control):  24 / 24 ok    fail: 0   (0.0%)

  --> bug NOT triggered this run (likely the slow-path waiters drained
      before kill, or the victim's PUTs hadn't fanned out far enough).
      Try larger PAYLOAD_BYTES, larger WRITERS_PER_KEY, or tune KILL_DELAY.

Warning: Permanently added '192.168.2.190' (ED25519) to the list of known hosts."
75,h16w32p12k0.62r3s14,2,16,32,12,0.62,3,14,8,8,119.27,0,0,0,0,0,0,"  hot keys: 3 rounds x 3 survivors x 16 keys
  cold keys (control): 1 round x 3 survivors x 8 keys

===============================================================
  RESULT
===============================================================
  HOT (contended): 144 / 144 ok    fail: 0   (0.0%)
  COLD (control):  24 / 24 ok    fail: 0   (0.0%)

  --> bug NOT triggered this run (likely the slow-path waiters drained
      before kill, or the victim's PUTs hadn't fanned out far enough).
      Try larger PAYLOAD_BYTES, larger WRITERS_PER_KEY, or tune KILL_DELAY.

Warning: Permanently added '192.168.2.191' (ED25519) to the list of known hosts."
76,h16w32p16k0.69r3s8,3,16,32,16,0.69,3,8,8,6,115.11,0,0,0,0,0,0,"  hot keys: 3 rounds x 3 survivors x 16 keys
  cold keys (control): 1 round x 3 survivors x 8 keys

===============================================================
  RESULT
===============================================================
  HOT (contended): 144 / 144 ok    fail: 0   (0.0%)
  COLD (control):  24 / 24 ok    fail: 0   (0.0%)

  --> bug NOT triggered this run (likely the slow-path waiters drained
      before kill, or the victim's PUTs hadn't fanned out far enough).
      Try larger PAYLOAD_BYTES, larger WRITERS_PER_KEY, or tune KILL_DELAY.

Warning: Permanently added '192.168.2.192' (ED25519) to the list of known hosts."
77,h14w24p24k0.38r2s14,0,14,24,24,0.38,2,14,6,6,95.0,0,0,0,0,0,0,"  hot keys: 2 rounds x 3 survivors x 14 keys
  cold keys (control): 1 round x 3 survivors x 8 keys

===============================================================
  RESULT
===============================================================
  HOT (contended): 84 / 84 ok    fail: 0   (0.0%)
  COLD (control):  24 / 24 ok    fail: 0   (0.0%)

  --> bug NOT triggered this run (likely the slow-path waiters drained
      before kill, or the victim's PUTs hadn't fanned out far enough).
      Try larger PAYLOAD_BYTES, larger WRITERS_PER_KEY, or tune KILL_DELAY.

Warning: Permanently added '192.168.2.189' (ED25519) to the list of known hosts."
78,h16w36p12k0.53r2s10,1,16,36,12,0.53,2,10,6,6,108.49,0,0,0,0,0,0,"  hot keys: 2 rounds x 3 survivors x 16 keys
  cold keys (control): 1 round x 3 survivors x 8 keys

===============================================================
  RESULT
===============================================================
  HOT (contended): 96 / 96 ok    fail: 0   (0.0%)
  COLD (control):  24 / 24 ok    fail: 0   (0.0%)

  --> bug NOT triggered this run (likely the slow-path waiters drained
      before kill, or the victim's PUTs hadn't fanned out far enough).
      Try larger PAYLOAD_BYTES, larger WRITERS_PER_KEY, or tune KILL_DELAY.

Warning: Permanently added '192.168.2.190' (ED25519) to the list of known hosts."
79,h18w32p24k0.51r2s12,2,18,32,24,0.51,2,12,6,10,141.56,0,0,0,0,0,0,"  hot keys: 2 rounds x 3 survivors x 18 keys
  cold keys (control): 1 round x 3 survivors x 8 keys

===============================================================
  RESULT
===============================================================
  HOT (contended): 108 / 108 ok    fail: 0   (0.0%)
  COLD (control):  24 / 24 ok    fail: 0   (0.0%)

  --> bug NOT triggered this run (likely the slow-path waiters drained
      before kill, or the victim's PUTs hadn't fanned out far enough).
      Try larger PAYLOAD_BYTES, larger WRITERS_PER_KEY, or tune KILL_DELAY.

Warning: Permanently added '192.168.2.191' (ED25519) to the list of known hosts."
80,h14w36p16k0.39r3s10,3,14,36,16,0.39,3,10,8,10,112.83,0,0,0,0,0,0,"  hot keys: 3 rounds x 3 survivors x 14 keys
  cold keys (control): 1 round x 3 survivors x 8 keys

===============================================================
  RESULT
===============================================================
  HOT (contended): 126 / 126 ok    fail: 0   (0.0%)
  COLD (control):  24 / 24 ok    fail: 0   (0.0%)

  --> bug NOT triggered this run (likely the slow-path waiters drained
      before kill, or the victim's PUTs hadn't fanned out far enough).
      Try larger PAYLOAD_BYTES, larger WRITERS_PER_KEY, or tune KILL_DELAY.

Warning: Permanently added '192.168.2.192' (ED25519) to the list of known hosts."
81,h10w28p8k0.49r1s12,0,10,28,8,0.49,1,12,6,10,69.53,0,0,1,0,1,1,"  HOT (contended): 29 / 30 ok    fail: 1   (3.3%)
  COLD (control):  24 / 24 ok    fail: 0   (0.0%)

  hot failures by endpoint:
    192.168.2.190     0 /  10 fail
    192.168.2.191     1 /  10 fail
    192.168.2.192     0 /  10 fail
  hot failures by key (idx -> total fail across all rounds*endpoints):
    key  1:   1

  --> bug REPRODUCED. Hot-key reads fail while the cold control set
      is fine -- only the contended keys hold stale WRITERS_WAITING flags.

Warning: Permanently added '192.168.2.189' (ED25519) to the list of known hosts."
82,h16w36p8k0.74r2s8,1,16,36,8,0.74,2,8,6,10,108.49,0,0,0,0,0,0,"  hot keys: 2 rounds x 3 survivors x 16 keys
  cold keys (control): 1 round x 3 survivors x 8 keys

===============================================================
  RESULT
===============================================================
  HOT (contended): 96 / 96 ok    fail: 0   (0.0%)
  COLD (control):  24 / 24 ok    fail: 0   (0.0%)

  --> bug NOT triggered this run (likely the slow-path waiters drained
      before kill, or the victim's PUTs hadn't fanned out far enough).
      Try larger PAYLOAD_BYTES, larger WRITERS_PER_KEY, or tune KILL_DELAY.

Warning: Permanently added '192.168.2.190' (ED25519) to the list of known hosts."
83,h16w36p16k0.87r2s10,2,16,36,16,0.87,2,10,6,8,109.64,0,0,0,0,0,0,"  hot keys: 2 rounds x 3 survivors x 16 keys
  cold keys (control): 1 round x 3 survivors x 8 keys

===============================================================
  RESULT
===============================================================
  HOT (contended): 96 / 96 ok    fail: 0   (0.0%)
  COLD (control):  24 / 24 ok    fail: 0   (0.0%)

  --> bug NOT triggered this run (likely the slow-path waiters drained
      before kill, or the victim's PUTs hadn't fanned out far enough).
      Try larger PAYLOAD_BYTES, larger WRITERS_PER_KEY, or tune KILL_DELAY.

Warning: Permanently added '192.168.2.191' (ED25519) to the list of known hosts."
84,h18w36p12k0.72r1s12,3,18,36,12,0.72,1,12,6,8,109.43,0,0,0,0,0,0,"  hot keys: 1 rounds x 3 survivors x 18 keys
  cold keys (control): 1 round x 3 survivors x 8 keys

===============================================================
  RESULT
===============================================================
  HOT (contended): 54 / 54 ok    fail: 0   (0.0%)
  COLD (control):  24 / 24 ok    fail: 0   (0.0%)

  --> bug NOT triggered this run (likely the slow-path waiters drained
      before kill, or the victim's PUTs hadn't fanned out far enough).
      Try larger PAYLOAD_BYTES, larger WRITERS_PER_KEY, or tune KILL_DELAY.

Warning: Permanently added '192.168.2.192' (ED25519) to the list of known hosts."
85,h16w36p8k0.51r1s14,0,16,36,8,0.51,1,14,6,6,95.27,0,0,0,0,0,0,"  hot keys: 1 rounds x 3 survivors x 16 keys
  cold keys (control): 1 round x 3 survivors x 8 keys

===============================================================
  RESULT
===============================================================
  HOT (contended): 48 / 48 ok    fail: 0   (0.0%)
  COLD (control):  24 / 24 ok    fail: 0   (0.0%)

  --> bug NOT triggered this run (likely the slow-path waiters drained
      before kill, or the victim's PUTs hadn't fanned out far enough).
      Try larger PAYLOAD_BYTES, larger WRITERS_PER_KEY, or tune KILL_DELAY.

Warning: Permanently added '192.168.2.189' (ED25519) to the list of known hosts."
86,h14w28p16k0.80r2s10,1,14,28,16,0.8,2,10,8,8,91.79,0,0,0,0,0,0,"  hot keys: 2 rounds x 3 survivors x 14 keys
  cold keys (control): 1 round x 3 survivors x 8 keys

===============================================================
  RESULT
===============================================================
  HOT (contended): 84 / 84 ok    fail: 0   (0.0%)
  COLD (control):  24 / 24 ok    fail: 0   (0.0%)

  --> bug NOT triggered this run (likely the slow-path waiters drained
      before kill, or the victim's PUTs hadn't fanned out far enough).
      Try larger PAYLOAD_BYTES, larger WRITERS_PER_KEY, or tune KILL_DELAY.

Warning: Permanently added '192.168.2.190' (ED25519) to the list of known hosts."
87,h16w28p16k0.45r3s10,2,16,28,16,0.45,3,10,6,6,99.69,0,0,3,0,1,1,"  HOT (contended): 38 / 41 ok    fail: 3   (7.3%)
  COLD (control):  24 / 24 ok    fail: 0   (0.0%)

  hot failures by endpoint:
    192.168.2.189     1 /  48 fail
    192.168.2.190     1 /  48 fail
    192.168.2.192     1 /  48 fail
  hot failures by key (idx -> total fail across all rounds*endpoints):
    key  9:   3

  --> bug REPRODUCED. Hot-key reads fail while the cold control set
      is fine -- only the contended keys hold stale WRITERS_WAITING flags.

Warning: Permanently added '192.168.2.191' (ED25519) to the list of known hosts."
88,h12w32p16k0.80r2s14,3,12,32,16,0.8,2,14,6,8,86.49,0,0,0,0,0,0,"  hot keys: 2 rounds x 3 survivors x 12 keys
  cold keys (control): 1 round x 3 survivors x 8 keys

===============================================================
  RESULT
===============================================================
  HOT (contended): 72 / 72 ok    fail: 0   (0.0%)
  COLD (control):  24 / 24 ok    fail: 0   (0.0%)

  --> bug NOT triggered this run (likely the slow-path waiters drained
      before kill, or the victim's PUTs hadn't fanned out far enough).
      Try larger PAYLOAD_BYTES, larger WRITERS_PER_KEY, or tune KILL_DELAY.

Warning: Permanently added '192.168.2.192' (ED25519) to the list of known hosts."
89,h12w24p24k0.47r2s14,0,12,24,24,0.47,2,14,6,8,88.48,0,0,0,0,0,0,"  hot keys: 2 rounds x 3 survivors x 12 keys
  cold keys (control): 1 round x 3 survivors x 8 keys

===============================================================
  RESULT
===============================================================
  HOT (contended): 72 / 72 ok    fail: 0   (0.0%)
  COLD (control):  24 / 24 ok    fail: 0   (0.0%)

  --> bug NOT triggered this run (likely the slow-path waiters drained
      before kill, or the victim's PUTs hadn't fanned out far enough).
      Try larger PAYLOAD_BYTES, larger WRITERS_PER_KEY, or tune KILL_DELAY.

Warning: Permanently added '192.168.2.189' (ED25519) to the list of known hosts."
90,h14w36p8k0.62r3s14,1,14,36,8,0.62,3,14,6,8,112.55,0,0,0,0,0,0,"  hot keys: 3 rounds x 3 survivors x 14 keys
  cold keys (control): 1 round x 3 survivors x 8 keys

===============================================================
  RESULT
===============================================================
  HOT (contended): 126 / 126 ok    fail: 0   (0.0%)
  COLD (control):  24 / 24 ok    fail: 0   (0.0%)

  --> bug NOT triggered this run (likely the slow-path waiters drained
      before kill, or the victim's PUTs hadn't fanned out far enough).
      Try larger PAYLOAD_BYTES, larger WRITERS_PER_KEY, or tune KILL_DELAY.

Warning: Permanently added '192.168.2.190' (ED25519) to the list of known hosts."
91,h14w36p16k0.77r2s10,2,14,36,16,0.77,2,10,8,10,96.24,0,0,0,0,0,0,"  hot keys: 2 rounds x 3 survivors x 14 keys
  cold keys (control): 1 round x 3 survivors x 8 keys

===============================================================
  RESULT
===============================================================
  HOT (contended): 84 / 84 ok    fail: 0   (0.0%)
  COLD (control):  24 / 24 ok    fail: 0   (0.0%)

  --> bug NOT triggered this run (likely the slow-path waiters drained
      before kill, or the victim's PUTs hadn't fanned out far enough).
      Try larger PAYLOAD_BYTES, larger WRITERS_PER_KEY, or tune KILL_DELAY.

Warning: Permanently added '192.168.2.191' (ED25519) to the list of known hosts."
92,h14w28p16k0.86r3s8,3,14,28,16,0.86,3,8,8,8,102.41,0,0,0,0,0,0,"  hot keys: 3 rounds x 3 survivors x 14 keys
  cold keys (control): 1 round x 3 survivors x 8 keys

===============================================================
  RESULT
===============================================================
  HOT (contended): 126 / 126 ok    fail: 0   (0.0%)
  COLD (control):  24 / 24 ok    fail: 0   (0.0%)

  --> bug NOT triggered this run (likely the slow-path waiters drained
      before kill, or the victim's PUTs hadn't fanned out far enough).
      Try larger PAYLOAD_BYTES, larger WRITERS_PER_KEY, or tune KILL_DELAY.

Warning: Permanently added '192.168.2.192' (ED25519) to the list of known hosts."
93,h16w36p24k0.79r2s12,0,16,36,24,0.79,2,12,4,8,121.83,0,0,0,0,0,0,"  hot keys: 2 rounds x 3 survivors x 16 keys
  cold keys (control): 1 round x 3 survivors x 8 keys

===============================================================
  RESULT
===============================================================
  HOT (contended): 96 / 96 ok    fail: 0   (0.0%)
  COLD (control):  24 / 24 ok    fail: 0   (0.0%)

  --> bug NOT triggered this run (likely the slow-path waiters drained
      before kill, or the victim's PUTs hadn't fanned out far enough).
      Try larger PAYLOAD_BYTES, larger WRITERS_PER_KEY, or tune KILL_DELAY.

Warning: Permanently added '192.168.2.189' (ED25519) to the list of known hosts."
94,h10w36p24k0.42r1s14,1,10,36,24,0.42,1,14,8,10,75.13,0,0,0,0,0,0,"  hot keys: 1 rounds x 3 survivors x 10 keys
  cold keys (control): 1 round x 3 survivors x 8 keys

===============================================================
  RESULT
===============================================================
  HOT (contended): 30 / 30 ok    fail: 0   (0.0%)
  COLD (control):  24 / 24 ok    fail: 0   (0.0%)

  --> bug NOT triggered this run (likely the slow-path waiters drained
      before kill, or the victim's PUTs hadn't fanned out far enough).
      Try larger PAYLOAD_BYTES, larger WRITERS_PER_KEY, or tune KILL_DELAY.

Warning: Permanently added '192.168.2.190' (ED25519) to the list of known hosts."
95,h16w28p8k0.54r3s8,2,16,28,8,0.54,3,8,6,8,110.47,0,0,0,0,0,0,"  hot keys: 3 rounds x 3 survivors x 16 keys
  cold keys (control): 1 round x 3 survivors x 8 keys

===============================================================
  RESULT
===============================================================
  HOT (contended): 144 / 144 ok    fail: 0   (0.0%)
  COLD (control):  24 / 24 ok    fail: 0   (0.0%)

  --> bug NOT triggered this run (likely the slow-path waiters drained
      before kill, or the victim's PUTs hadn't fanned out far enough).
      Try larger PAYLOAD_BYTES, larger WRITERS_PER_KEY, or tune KILL_DELAY.

Warning: Permanently added '192.168.2.191' (ED25519) to the list of known hosts."
96,h14w32p12k0.39r2s12,3,14,32,12,0.39,2,12,6,8,94.49,0,0,0,0,0,0,"  hot keys: 2 rounds x 3 survivors x 14 keys
  cold keys (control): 1 round x 3 survivors x 8 keys

===============================================================
  RESULT
===============================================================
  HOT (contended): 84 / 84 ok    fail: 0   (0.0%)
  COLD (control):  24 / 24 ok    fail: 0   (0.0%)

  --> bug NOT triggered this run (likely the slow-path waiters drained
      before kill, or the victim's PUTs hadn't fanned out far enough).
      Try larger PAYLOAD_BYTES, larger WRITERS_PER_KEY, or tune KILL_DELAY.

Warning: Permanently added '192.168.2.192' (ED25519) to the list of known hosts."
97,h16w36p8k0.63r2s12,0,16,36,8,0.63,2,12,6,8,110.07,0,0,0,0,0,0,"  hot keys: 2 rounds x 3 survivors x 16 keys
  cold keys (control): 1 round x 3 survivors x 8 keys

===============================================================
  RESULT
===============================================================
  HOT (contended): 96 / 96 ok    fail: 0   (0.0%)
  COLD (control):  24 / 24 ok    fail: 0   (0.0%)

  --> bug NOT triggered this run (likely the slow-path waiters drained
      before kill, or the victim's PUTs hadn't fanned out far enough).
      Try larger PAYLOAD_BYTES, larger WRITERS_PER_KEY, or tune KILL_DELAY.

Warning: Permanently added '192.168.2.189' (ED25519) to the list of known hosts."
98,h18w32p12k0.84r1s12,1,18,32,12,0.84,1,12,8,6,93.32,0,0,0,0,0,0,"  hot keys: 1 rounds x 3 survivors x 18 keys
  cold keys (control): 1 round x 3 survivors x 8 keys

===============================================================
  RESULT
===============================================================
  HOT (contended): 54 / 54 ok    fail: 0   (0.0%)
  COLD (control):  24 / 24 ok    fail: 0   (0.0%)

  --> bug NOT triggered this run (likely the slow-path waiters drained
      before kill, or the victim's PUTs hadn't fanned out far enough).
      Try larger PAYLOAD_BYTES, larger WRITERS_PER_KEY, or tune KILL_DELAY.

Warning: Permanently added '192.168.2.190' (ED25519) to the list of known hosts."
99,h14w36p12k0.46r2s14,2,14,36,12,0.46,2,14,4,10,99.23,0,0,0,0,0,0,"  hot keys: 2 rounds x 3 survivors x 14 keys
  cold keys (control): 1 round x 3 survivors x 8 keys

===============================================================
  RESULT
===============================================================
  HOT (contended): 84 / 84 ok    fail: 0   (0.0%)
  COLD (control):  24 / 24 ok    fail: 0   (0.0%)

  --> bug NOT triggered this run (likely the slow-path waiters drained
      before kill, or the victim's PUTs hadn't fanned out far enough).
      Try larger PAYLOAD_BYTES, larger WRITERS_PER_KEY, or tune KILL_DELAY.

Warning: Permanently added '192.168.2.191' (ED25519) to the list of known hosts."
100,h16w24p16k0.77r2s12,3,16,24,16,0.77,2,12,4,10,106.51,0,0,0,0,0,0,"  hot keys: 2 rounds x 3 survivors x 16 keys
  cold keys (control): 1 round x 3 survivors x 8 keys

===============================================================
  RESULT
===============================================================
  HOT (contended): 96 / 96 ok    fail: 0   (0.0%)
  COLD (control):  24 / 24 ok    fail: 0   (0.0%)

  --> bug NOT triggered this run (likely the slow-path waiters drained
      before kill, or the victim's PUTs hadn't fanned out far enough).
      Try larger PAYLOAD_BYTES, larger WRITERS_PER_KEY, or tune KILL_DELAY.

Warning: Permanently added '192.168.2.192' (ED25519) to the list of known hosts."
101,h14w32p20k0.54r3s10,0,14,32,20,0.54,3,10,6,8,110.04,0,0,0,0,0,0,"  hot keys: 3 rounds x 3 survivors x 14 keys
  cold keys (control): 1 round x 3 survivors x 8 keys

===============================================================
  RESULT
===============================================================
  HOT (contended): 126 / 126 ok    fail: 0   (0.0%)
  COLD (control):  24 / 24 ok    fail: 0   (0.0%)

  --> bug NOT triggered this run (likely the slow-path waiters drained
      before kill, or the victim's PUTs hadn't fanned out far enough).
      Try larger PAYLOAD_BYTES, larger WRITERS_PER_KEY, or tune KILL_DELAY.

Warning: Permanently added '192.168.2.189' (ED25519) to the list of known hosts."
102,h10w36p24k0.42r2s12,1,10,36,24,0.42,2,12,6,8,79.93,0,0,0,0,0,0,"  hot keys: 2 rounds x 3 survivors x 10 keys
  cold keys (control): 1 round x 3 survivors x 8 keys

===============================================================
  RESULT
===============================================================
  HOT (contended): 60 / 60 ok    fail: 0   (0.0%)
  COLD (control):  24 / 24 ok    fail: 0   (0.0%)

  --> bug NOT triggered this run (likely the slow-path waiters drained
      before kill, or the victim's PUTs hadn't fanned out far enough).
      Try larger PAYLOAD_BYTES, larger WRITERS_PER_KEY, or tune KILL_DELAY.

Warning: Permanently added '192.168.2.190' (ED25519) to the list of known hosts."
103,h16w24p16k0.56r1s14,2,16,24,16,0.56,1,14,8,6,83.84,0,0,0,0,0,0,"  hot keys: 1 rounds x 3 survivors x 16 keys
  cold keys (control): 1 round x 3 survivors x 8 keys

===============================================================
  RESULT
===============================================================
  HOT (contended): 48 / 48 ok    fail: 0   (0.0%)
  COLD (control):  24 / 24 ok    fail: 0   (0.0%)

  --> bug NOT triggered this run (likely the slow-path waiters drained
      before kill, or the victim's PUTs hadn't fanned out far enough).
      Try larger PAYLOAD_BYTES, larger WRITERS_PER_KEY, or tune KILL_DELAY.

Warning: Permanently added '192.168.2.191' (ED25519) to the list of known hosts."
104,h16w40p12k0.85r2s10,3,16,40,12,0.85,2,10,6,6,116.57,0,0,0,0,0,0,"  hot keys: 2 rounds x 3 survivors x 16 keys
  cold keys (control): 1 round x 3 survivors x 8 keys

===============================================================
  RESULT
===============================================================
  HOT (contended): 96 / 96 ok    fail: 0   (0.0%)
  COLD (control):  24 / 24 ok    fail: 0   (0.0%)

  --> bug NOT triggered this run (likely the slow-path waiters drained
      before kill, or the victim's PUTs hadn't fanned out far enough).
      Try larger PAYLOAD_BYTES, larger WRITERS_PER_KEY, or tune KILL_DELAY.

Warning: Permanently added '192.168.2.192' (ED25519) to the list of known hosts."
105,h16w40p20k0.57r3s14,0,16,40,20,0.57,3,14,8,6,148.02,0,0,0,0,0,0,"  hot keys: 3 rounds x 3 survivors x 16 keys
  cold keys (control): 1 round x 3 survivors x 8 keys

===============================================================
  RESULT
===============================================================
  HOT (contended): 144 / 144 ok    fail: 0   (0.0%)
  COLD (control):  24 / 24 ok    fail: 0   (0.0%)

  --> bug NOT triggered this run (likely the slow-path waiters drained
      before kill, or the victim's PUTs hadn't fanned out far enough).
      Try larger PAYLOAD_BYTES, larger WRITERS_PER_KEY, or tune KILL_DELAY.

Warning: Permanently added '192.168.2.189' (ED25519) to the list of known hosts."
106,h12w32p12k0.66r2s8,1,12,32,12,0.66,2,8,6,10,81.98,0,0,0,0,0,0,"  hot keys: 2 rounds x 3 survivors x 12 keys
  cold keys (control): 1 round x 3 survivors x 8 keys

===============================================================
  RESULT
===============================================================
  HOT (contended): 72 / 72 ok    fail: 0   (0.0%)
  COLD (control):  24 / 24 ok    fail: 0   (0.0%)

  --> bug NOT triggered this run (likely the slow-path waiters drained
      before kill, or the victim's PUTs hadn't fanned out far enough).
      Try larger PAYLOAD_BYTES, larger WRITERS_PER_KEY, or tune KILL_DELAY.

Warning: Permanently added '192.168.2.190' (ED25519) to the list of known hosts."
107,h14w28p12k0.47r1s8,2,14,28,12,0.47,1,8,6,8,71.34,0,0,0,0,0,0,"  hot keys: 1 rounds x 3 survivors x 14 keys
  cold keys (control): 1 round x 3 survivors x 8 keys

===============================================================
  RESULT
===============================================================
  HOT (contended): 42 / 42 ok    fail: 0   (0.0%)
  COLD (control):  24 / 24 ok    fail: 0   (0.0%)

  --> bug NOT triggered this run (likely the slow-path waiters drained
      before kill, or the victim's PUTs hadn't fanned out far enough).
      Try larger PAYLOAD_BYTES, larger WRITERS_PER_KEY, or tune KILL_DELAY.

Warning: Permanently added '192.168.2.191' (ED25519) to the list of known hosts."
108,h14w40p24k0.55r2s10,3,14,40,24,0.55,2,10,4,10,108.64,0,0,0,0,0,0,"  hot keys: 2 rounds x 3 survivors x 14 keys
  cold keys (control): 1 round x 3 survivors x 8 keys

===============================================================
  RESULT
===============================================================
  HOT (contended): 84 / 84 ok    fail: 0   (0.0%)
  COLD (control):  24 / 24 ok    fail: 0   (0.0%)

  --> bug NOT triggered this run (likely the slow-path waiters drained
      before kill, or the victim's PUTs hadn't fanned out far enough).
      Try larger PAYLOAD_BYTES, larger WRITERS_PER_KEY, or tune KILL_DELAY.

Warning: Permanently added '192.168.2.192' (ED25519) to the list of known hosts."
109,h18w36p12k0.71r2s10,0,18,36,12,0.71,2,10,8,10,122.07,0,0,0,0,0,0,"  hot keys: 2 rounds x 3 survivors x 18 keys
  cold keys (control): 1 round x 3 survivors x 8 keys

===============================================================
  RESULT
===============================================================
  HOT (contended): 108 / 108 ok    fail: 0   (0.0%)
  COLD (control):  24 / 24 ok    fail: 0   (0.0%)

  --> bug NOT triggered this run (likely the slow-path waiters drained
      before kill, or the victim's PUTs hadn't fanned out far enough).
      Try larger PAYLOAD_BYTES, larger WRITERS_PER_KEY, or tune KILL_DELAY.

Warning: Permanently added '192.168.2.189' (ED25519) to the list of known hosts."
110,h16w40p16k0.80r1s12,1,16,40,16,0.8,1,12,8,10,101.17,0,0,0,0,0,0,"  hot keys: 1 rounds x 3 survivors x 16 keys
  cold keys (control): 1 round x 3 survivors x 8 keys

===============================================================
  RESULT
===============================================================
  HOT (contended): 48 / 48 ok    fail: 0   (0.0%)
  COLD (control):  24 / 24 ok    fail: 0   (0.0%)

  --> bug NOT triggered this run (likely the slow-path waiters drained
      before kill, or the victim's PUTs hadn't fanned out far enough).
      Try larger PAYLOAD_BYTES, larger WRITERS_PER_KEY, or tune KILL_DELAY.

Warning: Permanently added '192.168.2.190' (ED25519) to the list of known hosts."
111,h16w40p20k0.85r2s10,2,16,40,20,0.85,2,10,6,8,131.47,0,0,0,0,0,0,"  hot keys: 2 rounds x 3 survivors x 16 keys
  cold keys (control): 1 round x 3 survivors x 8 keys

===============================================================
  RESULT
===============================================================
  HOT (contended): 96 / 96 ok    fail: 0   (0.0%)
  COLD (control):  24 / 24 ok    fail: 0   (0.0%)

  --> bug NOT triggered this run (likely the slow-path waiters drained
      before kill, or the victim's PUTs hadn't fanned out far enough).
      Try larger PAYLOAD_BYTES, larger WRITERS_PER_KEY, or tune KILL_DELAY.

Warning: Permanently added '192.168.2.191' (ED25519) to the list of known hosts."
112,h16w40p20k0.85r2s10,3,16,40,20,0.85,2,10,6,6,123.66,0,0,0,0,0,0,"  hot keys: 2 rounds x 3 survivors x 16 keys
  cold keys (control): 1 round x 3 survivors x 8 keys

===============================================================
  RESULT
===============================================================
  HOT (contended): 96 / 96 ok    fail: 0   (0.0%)
  COLD (control):  24 / 24 ok    fail: 0   (0.0%)

  --> bug NOT triggered this run (likely the slow-path waiters drained
      before kill, or the victim's PUTs hadn't fanned out far enough).
      Try larger PAYLOAD_BYTES, larger WRITERS_PER_KEY, or tune KILL_DELAY.

Warning: Permanently added '192.168.2.192' (ED25519) to the list of known hosts."
113,h16w40p24k0.64r2s12,0,16,40,24,0.64,2,12,8,6,130.24,0,0,0,0,0,0,"  hot keys: 2 rounds x 3 survivors x 16 keys
  cold keys (control): 1 round x 3 survivors x 8 keys

===============================================================
  RESULT
===============================================================
  HOT (contended): 96 / 96 ok    fail: 0   (0.0%)
  COLD (control):  24 / 24 ok    fail: 0   (0.0%)

  --> bug NOT triggered this run (likely the slow-path waiters drained
      before kill, or the victim's PUTs hadn't fanned out far enough).
      Try larger PAYLOAD_BYTES, larger WRITERS_PER_KEY, or tune KILL_DELAY.

Warning: Permanently added '192.168.2.189' (ED25519) to the list of known hosts."
114,h12w36p20k0.49r3s10,1,12,36,20,0.49,3,10,6,10,99.13,0,0,0,0,0,0,"  hot keys: 3 rounds x 3 survivors x 12 keys
  cold keys (control): 1 round x 3 survivors x 8 keys

===============================================================
  RESULT
===============================================================
  HOT (contended): 108 / 108 ok    fail: 0   (0.0%)
  COLD (control):  24 / 24 ok    fail: 0   (0.0%)

  --> bug NOT triggered this run (likely the slow-path waiters drained
      before kill, or the victim's PUTs hadn't fanned out far enough).
      Try larger PAYLOAD_BYTES, larger WRITERS_PER_KEY, or tune KILL_DELAY.

Warning: Permanently added '192.168.2.190' (ED25519) to the list of known hosts."
115,h12w32p20k0.78r2s8,2,12,32,20,0.78,2,8,6,10,83.82,0,0,0,0,0,0,"  hot keys: 2 rounds x 3 survivors x 12 keys
  cold keys (control): 1 round x 3 survivors x 8 keys

===============================================================
  RESULT
===============================================================
  HOT (contended): 72 / 72 ok    fail: 0   (0.0%)
  COLD (control):  24 / 24 ok    fail: 0   (0.0%)

  --> bug NOT triggered this run (likely the slow-path waiters drained
      before kill, or the victim's PUTs hadn't fanned out far enough).
      Try larger PAYLOAD_BYTES, larger WRITERS_PER_KEY, or tune KILL_DELAY.

Warning: Permanently added '192.168.2.191' (ED25519) to the list of known hosts."
116,h14w32p16k0.58r3s14,3,14,32,16,0.58,3,14,6,10,111.1,0,0,0,0,0,0,"  hot keys: 3 rounds x 3 survivors x 14 keys
  cold keys (control): 1 round x 3 survivors x 8 keys

===============================================================
  RESULT
===============================================================
  HOT (contended): 126 / 126 ok    fail: 0   (0.0%)
  COLD (control):  24 / 24 ok    fail: 0   (0.0%)

  --> bug NOT triggered this run (likely the slow-path waiters drained
      before kill, or the victim's PUTs hadn't fanned out far enough).
      Try larger PAYLOAD_BYTES, larger WRITERS_PER_KEY, or tune KILL_DELAY.

Warning: Permanently added '192.168.2.192' (ED25519) to the list of known hosts."
117,h18w28p24k0.42r2s14,0,18,28,24,0.42,2,14,6,6,113.21,0,0,0,0,0,0,"  hot keys: 2 rounds x 3 survivors x 18 keys
  cold keys (control): 1 round x 3 survivors x 8 keys

===============================================================
  RESULT
===============================================================
  HOT (contended): 108 / 108 ok    fail: 0   (0.0%)
  COLD (control):  24 / 24 ok    fail: 0   (0.0%)

  --> bug NOT triggered this run (likely the slow-path waiters drained
      before kill, or the victim's PUTs hadn't fanned out far enough).
      Try larger PAYLOAD_BYTES, larger WRITERS_PER_KEY, or tune KILL_DELAY.

Warning: Permanently added '192.168.2.189' (ED25519) to the list of known hosts."
118,h12w36p16k0.52r1s10,1,12,36,16,0.52,1,10,8,6,70.15,0,0,0,0,0,0,"  hot keys: 1 rounds x 3 survivors x 12 keys
  cold keys (control): 1 round x 3 survivors x 8 keys

===============================================================
  RESULT
===============================================================
  HOT (contended): 36 / 36 ok    fail: 0   (0.0%)
  COLD (control):  24 / 24 ok    fail: 0   (0.0%)

  --> bug NOT triggered this run (likely the slow-path waiters drained
      before kill, or the victim's PUTs hadn't fanned out far enough).
      Try larger PAYLOAD_BYTES, larger WRITERS_PER_KEY, or tune KILL_DELAY.

Warning: Permanently added '192.168.2.190' (ED25519) to the list of known hosts."
119,h12w32p24k0.47r2s8,2,12,32,24,0.47,2,8,6,10,85.19,0,0,0,0,0,0,"  hot keys: 2 rounds x 3 survivors x 12 keys
  cold keys (control): 1 round x 3 survivors x 8 keys

===============================================================
  RESULT
===============================================================
  HOT (contended): 72 / 72 ok    fail: 0   (0.0%)
  COLD (control):  24 / 24 ok    fail: 0   (0.0%)

  --> bug NOT triggered this run (likely the slow-path waiters drained
      before kill, or the victim's PUTs hadn't fanned out far enough).
      Try larger PAYLOAD_BYTES, larger WRITERS_PER_KEY, or tune KILL_DELAY.

Warning: Permanently added '192.168.2.191' (ED25519) to the list of known hosts."
120,h18w40p8k0.39r2s10,3,18,40,8,0.39,2,10,6,6,122.93,0,0,0,0,0,0,"  hot keys: 2 rounds x 3 survivors x 18 keys
  cold keys (control): 1 round x 3 survivors x 8 keys

===============================================================
  RESULT
===============================================================
  HOT (contended): 108 / 108 ok    fail: 0   (0.0%)
  COLD (control):  24 / 24 ok    fail: 0   (0.0%)

  --> bug NOT triggered this run (likely the slow-path waiters drained
      before kill, or the victim's PUTs hadn't fanned out far enough).
      Try larger PAYLOAD_BYTES, larger WRITERS_PER_KEY, or tune KILL_DELAY.

Warning: Permanently added '192.168.2.192' (ED25519) to the list of known hosts."
121,h18w32p24k0.67r1s14,0,18,32,24,0.67,1,14,8,10,119.05,0,0,0,0,0,0,"  hot keys: 1 rounds x 3 survivors x 18 keys
  cold keys (control): 1 round x 3 survivors x 8 keys

===============================================================
  RESULT
===============================================================
  HOT (contended): 54 / 54 ok    fail: 0   (0.0%)
  COLD (control):  24 / 24 ok    fail: 0   (0.0%)

  --> bug NOT triggered this run (likely the slow-path waiters drained
      before kill, or the victim's PUTs hadn't fanned out far enough).
      Try larger PAYLOAD_BYTES, larger WRITERS_PER_KEY, or tune KILL_DELAY.

Warning: Permanently added '192.168.2.189' (ED25519) to the list of known hosts."
122,h14w28p12k0.86r3s14,1,14,28,12,0.86,3,14,6,6,103.47,0,0,0,0,0,0,"  hot keys: 3 rounds x 3 survivors x 14 keys
  cold keys (control): 1 round x 3 survivors x 8 keys

===============================================================
  RESULT
===============================================================
  HOT (contended): 126 / 126 ok    fail: 0   (0.0%)
  COLD (control):  24 / 24 ok    fail: 0   (0.0%)

  --> bug NOT triggered this run (likely the slow-path waiters drained
      before kill, or the victim's PUTs hadn't fanned out far enough).
      Try larger PAYLOAD_BYTES, larger WRITERS_PER_KEY, or tune KILL_DELAY.

Warning: Permanently added '192.168.2.190' (ED25519) to the list of known hosts."
123,h14w36p16k0.81r2s10,2,14,36,16,0.81,2,10,8,10,96.04,0,0,0,0,0,0,"  hot keys: 2 rounds x 3 survivors x 14 keys
  cold keys (control): 1 round x 3 survivors x 8 keys

===============================================================
  RESULT
===============================================================
  HOT (contended): 84 / 84 ok    fail: 0   (0.0%)
  COLD (control):  24 / 24 ok    fail: 0   (0.0%)

  --> bug NOT triggered this run (likely the slow-path waiters drained
      before kill, or the victim's PUTs hadn't fanned out far enough).
      Try larger PAYLOAD_BYTES, larger WRITERS_PER_KEY, or tune KILL_DELAY.

Warning: Permanently added '192.168.2.191' (ED25519) to the list of known hosts."
124,h14w32p24k0.53r1s10,3,14,32,24,0.53,1,10,6,8,84.58,0,0,0,0,0,0,"  hot keys: 1 rounds x 3 survivors x 14 keys
  cold keys (control): 1 round x 3 survivors x 8 keys

===============================================================
  RESULT
===============================================================
  HOT (contended): 42 / 42 ok    fail: 0   (0.0%)
  COLD (control):  24 / 24 ok    fail: 0   (0.0%)

  --> bug NOT triggered this run (likely the slow-path waiters drained
      before kill, or the victim's PUTs hadn't fanned out far enough).
      Try larger PAYLOAD_BYTES, larger WRITERS_PER_KEY, or tune KILL_DELAY.

Warning: Permanently added '192.168.2.192' (ED25519) to the list of known hosts."
125,h14w36p16k0.81r2s14,0,14,36,16,0.81,2,14,6,8,99.7,0,0,0,0,0,0,"  hot keys: 2 rounds x 3 survivors x 14 keys
  cold keys (control): 1 round x 3 survivors x 8 keys

===============================================================
  RESULT
===============================================================
  HOT (contended): 84 / 84 ok    fail: 0   (0.0%)
  COLD (control):  24 / 24 ok    fail: 0   (0.0%)

  --> bug NOT triggered this run (likely the slow-path waiters drained
      before kill, or the victim's PUTs hadn't fanned out far enough).
      Try larger PAYLOAD_BYTES, larger WRITERS_PER_KEY, or tune KILL_DELAY.

Warning: Permanently added '192.168.2.189' (ED25519) to the list of known hosts."
126,h10w40p24k0.73r2s10,1,10,40,24,0.73,2,10,6,8,79.12,0,0,0,0,0,0,"  hot keys: 2 rounds x 3 survivors x 10 keys
  cold keys (control): 1 round x 3 survivors x 8 keys

===============================================================
  RESULT
===============================================================
  HOT (contended): 60 / 60 ok    fail: 0   (0.0%)
  COLD (control):  24 / 24 ok    fail: 0   (0.0%)

  --> bug NOT triggered this run (likely the slow-path waiters drained
      before kill, or the victim's PUTs hadn't fanned out far enough).
      Try larger PAYLOAD_BYTES, larger WRITERS_PER_KEY, or tune KILL_DELAY.

Warning: Permanently added '192.168.2.190' (ED25519) to the list of known hosts."
127,h12w28p20k0.63r2s10,2,12,28,20,0.63,2,10,8,6,79.26,0,0,0,0,0,0,"  hot keys: 2 rounds x 3 survivors x 12 keys
  cold keys (control): 1 round x 3 survivors x 8 keys

===============================================================
  RESULT
===============================================================
  HOT (contended): 72 / 72 ok    fail: 0   (0.0%)
  COLD (control):  24 / 24 ok    fail: 0   (0.0%)

  --> bug NOT triggered this run (likely the slow-path waiters drained
      before kill, or the victim's PUTs hadn't fanned out far enough).
      Try larger PAYLOAD_BYTES, larger WRITERS_PER_KEY, or tune KILL_DELAY.

Warning: Permanently added '192.168.2.191' (ED25519) to the list of known hosts."
128,h12w36p8k0.79r2s8,3,12,36,8,0.79,2,8,4,6,77.67,0,0,0,0,0,0,"  hot keys: 2 rounds x 3 survivors x 12 keys
  cold keys (control): 1 round x 3 survivors x 8 keys

===============================================================
  RESULT
===============================================================
  HOT (contended): 72 / 72 ok    fail: 0   (0.0%)
  COLD (control):  24 / 24 ok    fail: 0   (0.0%)

  --> bug NOT triggered this run (likely the slow-path waiters drained
      before kill, or the victim's PUTs hadn't fanned out far enough).
      Try larger PAYLOAD_BYTES, larger WRITERS_PER_KEY, or tune KILL_DELAY.

Warning: Permanently added '192.168.2.192' (ED25519) to the list of known hosts."
129,h12w40p16k0.72r2s14,0,12,40,16,0.72,2,14,8,6,87.93,0,0,0,0,0,0,"  hot keys: 2 rounds x 3 survivors x 12 keys
  cold keys (control): 1 round x 3 survivors x 8 keys

===============================================================
  RESULT
===============================================================
  HOT (contended): 72 / 72 ok    fail: 0   (0.0%)
  COLD (control):  24 / 24 ok    fail: 0   (0.0%)

  --> bug NOT triggered this run (likely the slow-path waiters drained
      before kill, or the victim's PUTs hadn't fanned out far enough).
      Try larger PAYLOAD_BYTES, larger WRITERS_PER_KEY, or tune KILL_DELAY.

Warning: Permanently added '192.168.2.189' (ED25519) to the list of known hosts."
130,h16w32p16k0.70r1s8,1,16,32,16,0.7,1,8,6,8,82.8,0,0,0,0,0,0,"  hot keys: 1 rounds x 3 survivors x 16 keys
  cold keys (control): 1 round x 3 survivors x 8 keys

===============================================================
  RESULT
===============================================================
  HOT (contended): 48 / 48 ok    fail: 0   (0.0%)
  COLD (control):  24 / 24 ok    fail: 0   (0.0%)

  --> bug NOT triggered this run (likely the slow-path waiters drained
      before kill, or the victim's PUTs hadn't fanned out far enough).
      Try larger PAYLOAD_BYTES, larger WRITERS_PER_KEY, or tune KILL_DELAY.

Warning: Permanently added '192.168.2.190' (ED25519) to the list of known hosts."
131,h14w24p20k0.50r2s12,2,14,24,20,0.5,2,12,6,8,90.41,0,0,0,0,0,0,"  hot keys: 2 rounds x 3 survivors x 14 keys
  cold keys (control): 1 round x 3 survivors x 8 keys

===============================================================
  RESULT
===============================================================
  HOT (contended): 84 / 84 ok    fail: 0   (0.0%)
  COLD (control):  24 / 24 ok    fail: 0   (0.0%)

  --> bug NOT triggered this run (likely the slow-path waiters drained
      before kill, or the victim's PUTs hadn't fanned out far enough).
      Try larger PAYLOAD_BYTES, larger WRITERS_PER_KEY, or tune KILL_DELAY.

Warning: Permanently added '192.168.2.191' (ED25519) to the list of known hosts."
132,h18w32p24k0.74r2s10,3,18,32,24,0.74,2,10,6,10,142.92,0,0,0,0,0,0,"  hot keys: 2 rounds x 3 survivors x 18 keys
  cold keys (control): 1 round x 3 survivors x 8 keys

===============================================================
  RESULT
===============================================================
  HOT (contended): 108 / 108 ok    fail: 0   (0.0%)
  COLD (control):  24 / 24 ok    fail: 0   (0.0%)

  --> bug NOT triggered this run (likely the slow-path waiters drained
      before kill, or the victim's PUTs hadn't fanned out far enough).
      Try larger PAYLOAD_BYTES, larger WRITERS_PER_KEY, or tune KILL_DELAY.

Warning: Permanently added '192.168.2.192' (ED25519) to the list of known hosts."
133,h16w24p8k0.43r3s10,0,16,24,8,0.43,3,10,8,8,111.68,0,0,1,0,1,1,"  HOT (contended): 143 / 144 ok    fail: 1   (0.7%)
  COLD (control):  24 / 24 ok    fail: 0   (0.0%)

  hot failures by endpoint:
    192.168.2.190     0 /  48 fail
    192.168.2.191     1 /  48 fail
    192.168.2.192     0 /  48 fail
  hot failures by key (idx -> total fail across all rounds*endpoints):
    key  1:   1

  --> bug REPRODUCED. Hot-key reads fail while the cold control set
      is fine -- only the contended keys hold stale WRITERS_WAITING flags.

Warning: Permanently added '192.168.2.189' (ED25519) to the list of known hosts."
134,h12w32p8k0.60r2s10,1,12,32,8,0.6,2,10,8,8,78.82,0,0,0,0,0,0,"  hot keys: 2 rounds x 3 survivors x 12 keys
  cold keys (control): 1 round x 3 survivors x 8 keys

===============================================================
  RESULT
===============================================================
  HOT (contended): 72 / 72 ok    fail: 0   (0.0%)
  COLD (control):  24 / 24 ok    fail: 0   (0.0%)

  --> bug NOT triggered this run (likely the slow-path waiters drained
      before kill, or the victim's PUTs hadn't fanned out far enough).
      Try larger PAYLOAD_BYTES, larger WRITERS_PER_KEY, or tune KILL_DELAY.

Warning: Permanently added '192.168.2.190' (ED25519) to the list of known hosts."
135,h18w32p20k0.57r1s12,2,18,32,20,0.57,1,12,4,8,110.09,0,0,0,0,0,0,"  hot keys: 1 rounds x 3 survivors x 18 keys
  cold keys (control): 1 round x 3 survivors x 8 keys

===============================================================
  RESULT
===============================================================
  HOT (contended): 54 / 54 ok    fail: 0   (0.0%)
  COLD (control):  24 / 24 ok    fail: 0   (0.0%)

  --> bug NOT triggered this run (likely the slow-path waiters drained
      before kill, or the victim's PUTs hadn't fanned out far enough).
      Try larger PAYLOAD_BYTES, larger WRITERS_PER_KEY, or tune KILL_DELAY.

Warning: Permanently added '192.168.2.191' (ED25519) to the list of known hosts."
136,h18w32p20k0.62r2s14,3,18,32,20,0.62,2,14,4,8,127.31,0,0,0,0,0,0,"  hot keys: 2 rounds x 3 survivors x 18 keys
  cold keys (control): 1 round x 3 survivors x 8 keys

===============================================================
  RESULT
===============================================================
  HOT (contended): 108 / 108 ok    fail: 0   (0.0%)
  COLD (control):  24 / 24 ok    fail: 0   (0.0%)

  --> bug NOT triggered this run (likely the slow-path waiters drained
      before kill, or the victim's PUTs hadn't fanned out far enough).
      Try larger PAYLOAD_BYTES, larger WRITERS_PER_KEY, or tune KILL_DELAY.

Warning: Permanently added '192.168.2.192' (ED25519) to the list of known hosts."
137,h14w40p16k0.49r3s12,0,14,40,16,0.49,3,12,8,10,113.97,0,0,0,0,0,0,"  hot keys: 3 rounds x 3 survivors x 14 keys
  cold keys (control): 1 round x 3 survivors x 8 keys

===============================================================
  RESULT
===============================================================
  HOT (contended): 126 / 126 ok    fail: 0   (0.0%)
  COLD (control):  24 / 24 ok    fail: 0   (0.0%)

  --> bug NOT triggered this run (likely the slow-path waiters drained
      before kill, or the victim's PUTs hadn't fanned out far enough).
      Try larger PAYLOAD_BYTES, larger WRITERS_PER_KEY, or tune KILL_DELAY.

Warning: Permanently added '192.168.2.189' (ED25519) to the list of known hosts."
138,h12w32p20k0.50r1s12,1,12,32,20,0.5,1,12,4,8,73.88,0,0,0,0,0,0,"  hot keys: 1 rounds x 3 survivors x 12 keys
  cold keys (control): 1 round x 3 survivors x 8 keys

===============================================================
  RESULT
===============================================================
  HOT (contended): 36 / 36 ok    fail: 0   (0.0%)
  COLD (control):  24 / 24 ok    fail: 0   (0.0%)

  --> bug NOT triggered this run (likely the slow-path waiters drained
      before kill, or the victim's PUTs hadn't fanned out far enough).
      Try larger PAYLOAD_BYTES, larger WRITERS_PER_KEY, or tune KILL_DELAY.

Warning: Permanently added '192.168.2.190' (ED25519) to the list of known hosts."
139,h10w24p20k0.47r2s10,2,10,24,20,0.47,2,10,8,8,75.7,0,0,1,0,1,1,"  HOT (contended): 59 / 60 ok    fail: 1   (1.7%)
  COLD (control):  24 / 24 ok    fail: 0   (0.0%)

  hot failures by endpoint:
    192.168.2.189     0 /  20 fail
    192.168.2.190     1 /  20 fail
    192.168.2.192     0 /  20 fail
  hot failures by key (idx -> total fail across all rounds*endpoints):
    key  1:   1

  --> bug REPRODUCED. Hot-key reads fail while the cold control set
      is fine -- only the contended keys hold stale WRITERS_WAITING flags.

Warning: Permanently added '192.168.2.191' (ED25519) to the list of known hosts."
140,h10w24p12k0.53r2s12,3,10,24,12,0.53,2,12,4,8,70.88,0,0,0,0,0,0,"  hot keys: 2 rounds x 3 survivors x 10 keys
  cold keys (control): 1 round x 3 survivors x 8 keys

===============================================================
  RESULT
===============================================================
  HOT (contended): 60 / 60 ok    fail: 0   (0.0%)
  COLD (control):  24 / 24 ok    fail: 0   (0.0%)

  --> bug NOT triggered this run (likely the slow-path waiters drained
      before kill, or the victim's PUTs hadn't fanned out far enough).
      Try larger PAYLOAD_BYTES, larger WRITERS_PER_KEY, or tune KILL_DELAY.

Warning: Permanently added '192.168.2.192' (ED25519) to the list of known hosts."
141,h16w28p16k0.43r2s10,0,16,28,16,0.43,2,10,6,8,99.07,0,0,0,0,0,0,"  hot keys: 2 rounds x 3 survivors x 16 keys
  cold keys (control): 1 round x 3 survivors x 8 keys

===============================================================
  RESULT
===============================================================
  HOT (contended): 96 / 96 ok    fail: 0   (0.0%)
  COLD (control):  24 / 24 ok    fail: 0   (0.0%)

  --> bug NOT triggered this run (likely the slow-path waiters drained
      before kill, or the victim's PUTs hadn't fanned out far enough).
      Try larger PAYLOAD_BYTES, larger WRITERS_PER_KEY, or tune KILL_DELAY.

Warning: Permanently added '192.168.2.189' (ED25519) to the list of known hosts."
142,h12w28p16k0.75r3s10,1,12,28,16,0.75,3,10,4,10,95.0,0,0,0,0,0,0,"  hot keys: 3 rounds x 3 survivors x 12 keys
  cold keys (control): 1 round x 3 survivors x 8 keys

===============================================================
  RESULT
===============================================================
  HOT (contended): 108 / 108 ok    fail: 0   (0.0%)
  COLD (control):  24 / 24 ok    fail: 0   (0.0%)

  --> bug NOT triggered this run (likely the slow-path waiters drained
      before kill, or the victim's PUTs hadn't fanned out far enough).
      Try larger PAYLOAD_BYTES, larger WRITERS_PER_KEY, or tune KILL_DELAY.

Warning: Permanently added '192.168.2.190' (ED25519) to the list of known hosts."
143,h16w28p24k0.71r3s8,2,16,28,24,0.71,3,8,6,6,114.76,0,0,0,0,0,0,"  hot keys: 3 rounds x 3 survivors x 16 keys
  cold keys (control): 1 round x 3 survivors x 8 keys

===============================================================
  RESULT
===============================================================
  HOT (contended): 144 / 144 ok    fail: 0   (0.0%)
  COLD (control):  24 / 24 ok    fail: 0   (0.0%)

  --> bug NOT triggered this run (likely the slow-path waiters drained
      before kill, or the victim's PUTs hadn't fanned out far enough).
      Try larger PAYLOAD_BYTES, larger WRITERS_PER_KEY, or tune KILL_DELAY.

Warning: Permanently added '192.168.2.191' (ED25519) to the list of known hosts."
144,h14w36p8k0.82r3s10,3,14,36,8,0.82,3,10,8,10,105.05,0,0,0,0,0,0,"  hot keys: 3 rounds x 3 survivors x 14 keys
  cold keys (control): 1 round x 3 survivors x 8 keys

===============================================================
  RESULT
===============================================================
  HOT (contended): 126 / 126 ok    fail: 0   (0.0%)
  COLD (control):  24 / 24 ok    fail: 0   (0.0%)

  --> bug NOT triggered this run (likely the slow-path waiters drained
      before kill, or the victim's PUTs hadn't fanned out far enough).
      Try larger PAYLOAD_BYTES, larger WRITERS_PER_KEY, or tune KILL_DELAY.

Warning: Permanently added '192.168.2.192' (ED25519) to the list of known hosts."
145,h10w24p16k0.77r1s14,0,10,24,16,0.77,1,14,6,8,64.43,0,0,0,0,0,0,"  hot keys: 1 rounds x 3 survivors x 10 keys
  cold keys (control): 1 round x 3 survivors x 8 keys

===============================================================
  RESULT
===============================================================
  HOT (contended): 30 / 30 ok    fail: 0   (0.0%)
  COLD (control):  24 / 24 ok    fail: 0   (0.0%)

  --> bug NOT triggered this run (likely the slow-path waiters drained
      before kill, or the victim's PUTs hadn't fanned out far enough).
      Try larger PAYLOAD_BYTES, larger WRITERS_PER_KEY, or tune KILL_DELAY.

Warning: Permanently added '192.168.2.189' (ED25519) to the list of known hosts."
146,h16w24p16k0.41r2s14,1,16,24,16,0.41,2,14,6,10,101.21,0,0,0,0,0,0,"  hot keys: 2 rounds x 3 survivors x 16 keys
  cold keys (control): 1 round x 3 survivors x 8 keys

===============================================================
  RESULT
===============================================================
  HOT (contended): 96 / 96 ok    fail: 0   (0.0%)
  COLD (control):  24 / 24 ok    fail: 0   (0.0%)

  --> bug NOT triggered this run (likely the slow-path waiters drained
      before kill, or the victim's PUTs hadn't fanned out far enough).
      Try larger PAYLOAD_BYTES, larger WRITERS_PER_KEY, or tune KILL_DELAY.

Warning: Permanently added '192.168.2.190' (ED25519) to the list of known hosts."
147,h16w36p16k0.75r2s12,2,16,36,16,0.75,2,12,6,10,115.66,0,0,0,0,0,0,"  hot keys: 2 rounds x 3 survivors x 16 keys
  cold keys (control): 1 round x 3 survivors x 8 keys

===============================================================
  RESULT
===============================================================
  HOT (contended): 96 / 96 ok    fail: 0   (0.0%)
  COLD (control):  24 / 24 ok    fail: 0   (0.0%)

  --> bug NOT triggered this run (likely the slow-path waiters drained
      before kill, or the victim's PUTs hadn't fanned out far enough).
      Try larger PAYLOAD_BYTES, larger WRITERS_PER_KEY, or tune KILL_DELAY.

Warning: Permanently added '192.168.2.191' (ED25519) to the list of known hosts."
148,h16w24p16k0.57r1s8,3,16,24,16,0.57,1,8,4,8,94.77,0,0,3,0,1,1,"  HOT (contended): 39 / 42 ok    fail: 3   (7.1%)
  COLD (control):  24 / 24 ok    fail: 0   (0.0%)

  hot failures by endpoint:
    192.168.2.189     1 /  16 fail
    192.168.2.190     1 /  16 fail
    192.168.2.191     1 /  16 fail
  hot failures by key (idx -> total fail across all rounds*endpoints):
    key 10:   3

  --> bug REPRODUCED. Hot-key reads fail while the cold control set
      is fine -- only the contended keys hold stale WRITERS_WAITING flags.

Warning: Permanently added '192.168.2.192' (ED25519) to the list of known hosts."
149,h16w36p20k0.61r3s14,0,16,36,20,0.61,3,14,4,6,127.04,0,0,0,0,0,0,"  hot keys: 3 rounds x 3 survivors x 16 keys
  cold keys (control): 1 round x 3 survivors x 8 keys

===============================================================
  RESULT
===============================================================
  HOT (contended): 144 / 144 ok    fail: 0   (0.0%)
  COLD (control):  24 / 24 ok    fail: 0   (0.0%)

  --> bug NOT triggered this run (likely the slow-path waiters drained
      before kill, or the victim's PUTs hadn't fanned out far enough).
      Try larger PAYLOAD_BYTES, larger WRITERS_PER_KEY, or tune KILL_DELAY.

Warning: Permanently added '192.168.2.189' (ED25519) to the list of known hosts."
150,h12w28p20k0.75r1s10,1,12,28,20,0.75,1,10,8,6,66.44,0,0,0,0,0,0,"  hot keys: 1 rounds x 3 survivors x 12 keys
  cold keys (control): 1 round x 3 survivors x 8 keys

===============================================================
  RESULT
===============================================================
  HOT (contended): 36 / 36 ok    fail: 0   (0.0%)
  COLD (control):  24 / 24 ok    fail: 0   (0.0%)

  --> bug NOT triggered this run (likely the slow-path waiters drained
      before kill, or the victim's PUTs hadn't fanned out far enough).
      Try larger PAYLOAD_BYTES, larger WRITERS_PER_KEY, or tune KILL_DELAY.

Warning: Permanently added '192.168.2.190' (ED25519) to the list of known hosts."
151,h16w40p20k0.38r2s10,2,16,40,20,0.38,2,10,6,8,124.87,0,0,0,0,0,0,"  hot keys: 2 rounds x 3 survivors x 16 keys
  cold keys (control): 1 round x 3 survivors x 8 keys

===============================================================
  RESULT
===============================================================
  HOT (contended): 96 / 96 ok    fail: 0   (0.0%)
  COLD (control):  24 / 24 ok    fail: 0   (0.0%)

  --> bug NOT triggered this run (likely the slow-path waiters drained
      before kill, or the victim's PUTs hadn't fanned out far enough).
      Try larger PAYLOAD_BYTES, larger WRITERS_PER_KEY, or tune KILL_DELAY.

Warning: Permanently added '192.168.2.191' (ED25519) to the list of known hosts."
152,h14w32p16k0.53r2s8,3,14,32,16,0.53,2,8,4,8,89.71,0,0,0,0,0,0,"  hot keys: 2 rounds x 3 survivors x 14 keys
  cold keys (control): 1 round x 3 survivors x 8 keys

===============================================================
  RESULT
===============================================================
  HOT (contended): 84 / 84 ok    fail: 0   (0.0%)
  COLD (control):  24 / 24 ok    fail: 0   (0.0%)

  --> bug NOT triggered this run (likely the slow-path waiters drained
      before kill, or the victim's PUTs hadn't fanned out far enough).
      Try larger PAYLOAD_BYTES, larger WRITERS_PER_KEY, or tune KILL_DELAY.

Warning: Permanently added '192.168.2.192' (ED25519) to the list of known hosts."
153,h16w40p16k0.50r3s10,0,16,40,16,0.5,3,10,6,8,132.84,0,0,0,0,0,0,"  hot keys: 3 rounds x 3 survivors x 16 keys
  cold keys (control): 1 round x 3 survivors x 8 keys

===============================================================
  RESULT
===============================================================
  HOT (contended): 144 / 144 ok    fail: 0   (0.0%)
  COLD (control):  24 / 24 ok    fail: 0   (0.0%)

  --> bug NOT triggered this run (likely the slow-path waiters drained
      before kill, or the victim's PUTs hadn't fanned out far enough).
      Try larger PAYLOAD_BYTES, larger WRITERS_PER_KEY, or tune KILL_DELAY.

Warning: Permanently added '192.168.2.189' (ED25519) to the list of known hosts."
154,h14w36p20k0.69r2s14,1,14,36,20,0.69,2,14,8,8,99.88,0,0,0,0,0,0,"  hot keys: 2 rounds x 3 survivors x 14 keys
  cold keys (control): 1 round x 3 survivors x 8 keys

===============================================================
  RESULT
===============================================================
  HOT (contended): 84 / 84 ok    fail: 0   (0.0%)
  COLD (control):  24 / 24 ok    fail: 0   (0.0%)

  --> bug NOT triggered this run (likely the slow-path waiters drained
      before kill, or the victim's PUTs hadn't fanned out far enough).
      Try larger PAYLOAD_BYTES, larger WRITERS_PER_KEY, or tune KILL_DELAY.

Warning: Permanently added '192.168.2.190' (ED25519) to the list of known hosts."
155,h18w36p16k0.74r2s12,2,18,36,16,0.74,2,12,6,8,132.63,0,0,0,0,0,0,"  hot keys: 2 rounds x 3 survivors x 18 keys
  cold keys (control): 1 round x 3 survivors x 8 keys

===============================================================
  RESULT
===============================================================
  HOT (contended): 108 / 108 ok    fail: 0   (0.0%)
  COLD (control):  24 / 24 ok    fail: 0   (0.0%)

  --> bug NOT triggered this run (likely the slow-path waiters drained
      before kill, or the victim's PUTs hadn't fanned out far enough).
      Try larger PAYLOAD_BYTES, larger WRITERS_PER_KEY, or tune KILL_DELAY.

Warning: Permanently added '192.168.2.191' (ED25519) to the list of known hosts."
156,h14w36p20k0.49r2s10,3,14,36,20,0.49,2,10,8,8,95.44,0,0,0,0,0,0,"  hot keys: 2 rounds x 3 survivors x 14 keys
  cold keys (control): 1 round x 3 survivors x 8 keys

===============================================================
  RESULT
===============================================================
  HOT (contended): 84 / 84 ok    fail: 0   (0.0%)
  COLD (control):  24 / 24 ok    fail: 0   (0.0%)

  --> bug NOT triggered this run (likely the slow-path waiters drained
      before kill, or the victim's PUTs hadn't fanned out far enough).
      Try larger PAYLOAD_BYTES, larger WRITERS_PER_KEY, or tune KILL_DELAY.

Warning: Permanently added '192.168.2.192' (ED25519) to the list of known hosts."
157,h14w36p16k0.43r2s8,0,14,36,16,0.43,2,8,8,8,91.21,0,0,0,0,0,0,"  hot keys: 2 rounds x 3 survivors x 14 keys
  cold keys (control): 1 round x 3 survivors x 8 keys

===============================================================
  RESULT
===============================================================
  HOT (contended): 84 / 84 ok    fail: 0   (0.0%)
  COLD (control):  24 / 24 ok    fail: 0   (0.0%)

  --> bug NOT triggered this run (likely the slow-path waiters drained
      before kill, or the victim's PUTs hadn't fanned out far enough).
      Try larger PAYLOAD_BYTES, larger WRITERS_PER_KEY, or tune KILL_DELAY.

Warning: Permanently added '192.168.2.189' (ED25519) to the list of known hosts."
158,h10w36p16k0.82r2s14,1,10,36,16,0.82,2,14,8,8,77.52,0,0,0,0,0,0,"  hot keys: 2 rounds x 3 survivors x 10 keys
  cold keys (control): 1 round x 3 survivors x 8 keys

===============================================================
  RESULT
===============================================================
  HOT (contended): 60 / 60 ok    fail: 0   (0.0%)
  COLD (control):  24 / 24 ok    fail: 0   (0.0%)

  --> bug NOT triggered this run (likely the slow-path waiters drained
      before kill, or the victim's PUTs hadn't fanned out far enough).
      Try larger PAYLOAD_BYTES, larger WRITERS_PER_KEY, or tune KILL_DELAY.

Warning: Permanently added '192.168.2.190' (ED25519) to the list of known hosts."
159,h16w32p8k0.56r1s14,2,16,32,8,0.56,1,14,8,10,87.5,0,0,0,0,0,0,"  hot keys: 1 rounds x 3 survivors x 16 keys
  cold keys (control): 1 round x 3 survivors x 8 keys

===============================================================
  RESULT
===============================================================
  HOT (contended): 48 / 48 ok    fail: 0   (0.0%)
  COLD (control):  24 / 24 ok    fail: 0   (0.0%)

  --> bug NOT triggered this run (likely the slow-path waiters drained
      before kill, or the victim's PUTs hadn't fanned out far enough).
      Try larger PAYLOAD_BYTES, larger WRITERS_PER_KEY, or tune KILL_DELAY.

Warning: Permanently added '192.168.2.191' (ED25519) to the list of known hosts."
160,h10w36p24k0.87r2s10,3,10,36,24,0.87,2,10,4,8,77.72,0,0,0,0,0,0,"  hot keys: 2 rounds x 3 survivors x 10 keys
  cold keys (control): 1 round x 3 survivors x 8 keys

===============================================================
  RESULT
===============================================================
  HOT (contended): 60 / 60 ok    fail: 0   (0.0%)
  COLD (control):  24 / 24 ok    fail: 0   (0.0%)

  --> bug NOT triggered this run (likely the slow-path waiters drained
      before kill, or the victim's PUTs hadn't fanned out far enough).
      Try larger PAYLOAD_BYTES, larger WRITERS_PER_KEY, or tune KILL_DELAY.

Warning: Permanently added '192.168.2.192' (ED25519) to the list of known hosts."
161,h18w36p20k0.71r1s10,0,18,36,20,0.71,1,10,8,8,136.42,0,0,0,0,0,0,"  hot keys: 1 rounds x 3 survivors x 18 keys
  cold keys (control): 1 round x 3 survivors x 8 keys

===============================================================
  RESULT
===============================================================
  HOT (contended): 54 / 54 ok    fail: 0   (0.0%)
  COLD (control):  24 / 24 ok    fail: 0   (0.0%)

  --> bug NOT triggered this run (likely the slow-path waiters drained
      before kill, or the victim's PUTs hadn't fanned out far enough).
      Try larger PAYLOAD_BYTES, larger WRITERS_PER_KEY, or tune KILL_DELAY.

Warning: Permanently added '192.168.2.189' (ED25519) to the list of known hosts."
162,h16w36p12k0.83r3s10,1,16,36,12,0.83,3,10,4,10,118.65,0,0,0,0,0,0,"  hot keys: 3 rounds x 3 survivors x 16 keys
  cold keys (control): 1 round x 3 survivors x 8 keys

===============================================================
  RESULT
===============================================================
  HOT (contended): 144 / 144 ok    fail: 0   (0.0%)
  COLD (control):  24 / 24 ok    fail: 0   (0.0%)

  --> bug NOT triggered this run (likely the slow-path waiters drained
      before kill, or the victim's PUTs hadn't fanned out far enough).
      Try larger PAYLOAD_BYTES, larger WRITERS_PER_KEY, or tune KILL_DELAY.

Warning: Permanently added '192.168.2.190' (ED25519) to the list of known hosts."
163,h12w24p8k0.72r2s10,2,12,24,8,0.72,2,10,8,8,77.93,0,0,0,0,0,0,"  hot keys: 2 rounds x 3 survivors x 12 keys
  cold keys (control): 1 round x 3 survivors x 8 keys

===============================================================
  RESULT
===============================================================
  HOT (contended): 72 / 72 ok    fail: 0   (0.0%)
  COLD (control):  24 / 24 ok    fail: 0   (0.0%)

  --> bug NOT triggered this run (likely the slow-path waiters drained
      before kill, or the victim's PUTs hadn't fanned out far enough).
      Try larger PAYLOAD_BYTES, larger WRITERS_PER_KEY, or tune KILL_DELAY.

Warning: Permanently added '192.168.2.191' (ED25519) to the list of known hosts."
164,h18w28p20k0.75r2s12,3,18,28,20,0.75,2,12,8,8,111.97,0,0,0,0,0,0,"  hot keys: 2 rounds x 3 survivors x 18 keys
  cold keys (control): 1 round x 3 survivors x 8 keys

===============================================================
  RESULT
===============================================================
  HOT (contended): 108 / 108 ok    fail: 0   (0.0%)
  COLD (control):  24 / 24 ok    fail: 0   (0.0%)

  --> bug NOT triggered this run (likely the slow-path waiters drained
      before kill, or the victim's PUTs hadn't fanned out far enough).
      Try larger PAYLOAD_BYTES, larger WRITERS_PER_KEY, or tune KILL_DELAY.

Warning: Permanently added '192.168.2.192' (ED25519) to the list of known hosts."
165,h14w28p16k0.53r1s10,0,14,28,16,0.53,1,10,6,8,75.01,0,0,0,0,0,0,"  hot keys: 1 rounds x 3 survivors x 14 keys
  cold keys (control): 1 round x 3 survivors x 8 keys

===============================================================
  RESULT
===============================================================
  HOT (contended): 42 / 42 ok    fail: 0   (0.0%)
  COLD (control):  24 / 24 ok    fail: 0   (0.0%)

  --> bug NOT triggered this run (likely the slow-path waiters drained
      before kill, or the victim's PUTs hadn't fanned out far enough).
      Try larger PAYLOAD_BYTES, larger WRITERS_PER_KEY, or tune KILL_DELAY.

Warning: Permanently added '192.168.2.189' (ED25519) to the list of known hosts."
166,h16w36p20k0.42r2s14,1,16,36,20,0.42,2,14,4,10,123.0,0,0,0,0,0,0,"  hot keys: 2 rounds x 3 survivors x 16 keys
  cold keys (control): 1 round x 3 survivors x 8 keys

===============================================================
  RESULT
===============================================================
  HOT (contended): 96 / 96 ok    fail: 0   (0.0%)
  COLD (control):  24 / 24 ok    fail: 0   (0.0%)

  --> bug NOT triggered this run (likely the slow-path waiters drained
      before kill, or the victim's PUTs hadn't fanned out far enough).
      Try larger PAYLOAD_BYTES, larger WRITERS_PER_KEY, or tune KILL_DELAY.

Warning: Permanently added '192.168.2.190' (ED25519) to the list of known hosts."
167,h16w32p12k0.46r1s10,2,16,32,12,0.46,1,10,4,8,83.43,0,0,0,0,0,0,"  hot keys: 1 rounds x 3 survivors x 16 keys
  cold keys (control): 1 round x 3 survivors x 8 keys

===============================================================
  RESULT
===============================================================
  HOT (contended): 48 / 48 ok    fail: 0   (0.0%)
  COLD (control):  24 / 24 ok    fail: 0   (0.0%)

  --> bug NOT triggered this run (likely the slow-path waiters drained
      before kill, or the victim's PUTs hadn't fanned out far enough).
      Try larger PAYLOAD_BYTES, larger WRITERS_PER_KEY, or tune KILL_DELAY.

Warning: Permanently added '192.168.2.191' (ED25519) to the list of known hosts."
168,h14w24p16k0.65r3s8,3,14,24,16,0.65,3,8,6,8,98.21,0,0,0,0,0,0,"  hot keys: 3 rounds x 3 survivors x 14 keys
  cold keys (control): 1 round x 3 survivors x 8 keys

===============================================================
  RESULT
===============================================================
  HOT (contended): 126 / 126 ok    fail: 0   (0.0%)
  COLD (control):  24 / 24 ok    fail: 0   (0.0%)

  --> bug NOT triggered this run (likely the slow-path waiters drained
      before kill, or the victim's PUTs hadn't fanned out far enough).
      Try larger PAYLOAD_BYTES, larger WRITERS_PER_KEY, or tune KILL_DELAY.

Warning: Permanently added '192.168.2.192' (ED25519) to the list of known hosts."
169,h18w28p16k0.49r3s10,0,18,28,16,0.49,3,10,4,8,126.97,0,0,0,0,0,0,"  hot keys: 3 rounds x 3 survivors x 18 keys
  cold keys (control): 1 round x 3 survivors x 8 keys

===============================================================
  RESULT
===============================================================
  HOT (contended): 162 / 162 ok    fail: 0   (0.0%)
  COLD (control):  24 / 24 ok    fail: 0   (0.0%)

  --> bug NOT triggered this run (likely the slow-path waiters drained
      before kill, or the victim's PUTs hadn't fanned out far enough).
      Try larger PAYLOAD_BYTES, larger WRITERS_PER_KEY, or tune KILL_DELAY.

Warning: Permanently added '192.168.2.189' (ED25519) to the list of known hosts."
170,h16w28p12k0.40r2s12,1,16,28,12,0.4,2,12,4,10,99.47,0,0,0,0,0,0,"  hot keys: 2 rounds x 3 survivors x 16 keys
  cold keys (control): 1 round x 3 survivors x 8 keys

===============================================================
  RESULT
===============================================================
  HOT (contended): 96 / 96 ok    fail: 0   (0.0%)
  COLD (control):  24 / 24 ok    fail: 0   (0.0%)

  --> bug NOT triggered this run (likely the slow-path waiters drained
      before kill, or the victim's PUTs hadn't fanned out far enough).
      Try larger PAYLOAD_BYTES, larger WRITERS_PER_KEY, or tune KILL_DELAY.

Warning: Permanently added '192.168.2.190' (ED25519) to the list of known hosts."
171,h16w36p24k0.52r2s10,2,16,36,24,0.52,2,10,8,8,111.93,0,0,0,0,0,0,"  hot keys: 2 rounds x 3 survivors x 16 keys
  cold keys (control): 1 round x 3 survivors x 8 keys

===============================================================
  RESULT
===============================================================
  HOT (contended): 96 / 96 ok    fail: 0   (0.0%)
  COLD (control):  24 / 24 ok    fail: 0   (0.0%)

  --> bug NOT triggered this run (likely the slow-path waiters drained
      before kill, or the victim's PUTs hadn't fanned out far enough).
      Try larger PAYLOAD_BYTES, larger WRITERS_PER_KEY, or tune KILL_DELAY.

Warning: Permanently added '192.168.2.191' (ED25519) to the list of known hosts."
172,h18w32p24k0.38r3s14,3,18,32,24,0.38,3,14,8,8,150.35,0,0,0,0,0,0,"  hot keys: 3 rounds x 3 survivors x 18 keys
  cold keys (control): 1 round x 3 survivors x 8 keys

===============================================================
  RESULT
===============================================================
  HOT (contended): 162 / 162 ok    fail: 0   (0.0%)
  COLD (control):  24 / 24 ok    fail: 0   (0.0%)

  --> bug NOT triggered this run (likely the slow-path waiters drained
      before kill, or the victim's PUTs hadn't fanned out far enough).
      Try larger PAYLOAD_BYTES, larger WRITERS_PER_KEY, or tune KILL_DELAY.

Warning: Permanently added '192.168.2.192' (ED25519) to the list of known hosts."
173,h14w28p20k0.76r2s14,0,14,28,20,0.76,2,14,4,8,93.87,0,0,0,0,0,0,"  hot keys: 2 rounds x 3 survivors x 14 keys
  cold keys (control): 1 round x 3 survivors x 8 keys

===============================================================
  RESULT
===============================================================
  HOT (contended): 84 / 84 ok    fail: 0   (0.0%)
  COLD (control):  24 / 24 ok    fail: 0   (0.0%)

  --> bug NOT triggered this run (likely the slow-path waiters drained
      before kill, or the victim's PUTs hadn't fanned out far enough).
      Try larger PAYLOAD_BYTES, larger WRITERS_PER_KEY, or tune KILL_DELAY.

Warning: Permanently added '192.168.2.189' (ED25519) to the list of known hosts."
174,h14w36p16k0.71r2s14,1,14,36,16,0.71,2,14,8,6,95.28,0,0,0,0,0,0,"  hot keys: 2 rounds x 3 survivors x 14 keys
  cold keys (control): 1 round x 3 survivors x 8 keys

===============================================================
  RESULT
===============================================================
  HOT (contended): 84 / 84 ok    fail: 0   (0.0%)
  COLD (control):  24 / 24 ok    fail: 0   (0.0%)

  --> bug NOT triggered this run (likely the slow-path waiters drained
      before kill, or the victim's PUTs hadn't fanned out far enough).
      Try larger PAYLOAD_BYTES, larger WRITERS_PER_KEY, or tune KILL_DELAY.

Warning: Permanently added '192.168.2.190' (ED25519) to the list of known hosts."
175,h10w40p16k0.54r2s14,2,10,40,16,0.54,2,14,6,8,80.39,0,0,0,0,0,0,"  hot keys: 2 rounds x 3 survivors x 10 keys
  cold keys (control): 1 round x 3 survivors x 8 keys

===============================================================
  RESULT
===============================================================
  HOT (contended): 60 / 60 ok    fail: 0   (0.0%)
  COLD (control):  24 / 24 ok    fail: 0   (0.0%)

  --> bug NOT triggered this run (likely the slow-path waiters drained
      before kill, or the victim's PUTs hadn't fanned out far enough).
      Try larger PAYLOAD_BYTES, larger WRITERS_PER_KEY, or tune KILL_DELAY.

Warning: Permanently added '192.168.2.191' (ED25519) to the list of known hosts."
176,h14w40p16k0.82r1s14,3,14,40,16,0.82,1,14,4,8,87.27,0,0,0,0,0,0,"  hot keys: 1 rounds x 3 survivors x 14 keys
  cold keys (control): 1 round x 3 survivors x 8 keys

===============================================================
  RESULT
===============================================================
  HOT (contended): 42 / 42 ok    fail: 0   (0.0%)
  COLD (control):  24 / 24 ok    fail: 0   (0.0%)

  --> bug NOT triggered this run (likely the slow-path waiters drained
      before kill, or the victim's PUTs hadn't fanned out far enough).
      Try larger PAYLOAD_BYTES, larger WRITERS_PER_KEY, or tune KILL_DELAY.

Warning: Permanently added '192.168.2.192' (ED25519) to the list of known hosts."
177,h14w40p8k0.42r2s10,0,14,40,8,0.42,2,10,4,8,101.49,0,0,0,0,0,0,"  hot keys: 2 rounds x 3 survivors x 14 keys
  cold keys (control): 1 round x 3 survivors x 8 keys

===============================================================
  RESULT
===============================================================
  HOT (contended): 84 / 84 ok    fail: 0   (0.0%)
  COLD (control):  24 / 24 ok    fail: 0   (0.0%)

  --> bug NOT triggered this run (likely the slow-path waiters drained
      before kill, or the victim's PUTs hadn't fanned out far enough).
      Try larger PAYLOAD_BYTES, larger WRITERS_PER_KEY, or tune KILL_DELAY.

Warning: Permanently added '192.168.2.189' (ED25519) to the list of known hosts."
178,h14w28p16k0.64r3s12,1,14,28,16,0.64,3,12,6,6,102.22,0,0,0,0,0,0,"  hot keys: 3 rounds x 3 survivors x 14 keys
  cold keys (control): 1 round x 3 survivors x 8 keys

===============================================================
  RESULT
===============================================================
  HOT (contended): 126 / 126 ok    fail: 0   (0.0%)
  COLD (control):  24 / 24 ok    fail: 0   (0.0%)

  --> bug NOT triggered this run (likely the slow-path waiters drained
      before kill, or the victim's PUTs hadn't fanned out far enough).
      Try larger PAYLOAD_BYTES, larger WRITERS_PER_KEY, or tune KILL_DELAY.

Warning: Permanently added '192.168.2.190' (ED25519) to the list of known hosts."
179,h12w24p16k0.73r2s10,2,12,24,16,0.73,2,10,4,10,80.33,0,0,0,0,0,0,"  hot keys: 2 rounds x 3 survivors x 12 keys
  cold keys (control): 1 round x 3 survivors x 8 keys

===============================================================
  RESULT
===============================================================
  HOT (contended): 72 / 72 ok    fail: 0   (0.0%)
  COLD (control):  24 / 24 ok    fail: 0   (0.0%)

  --> bug NOT triggered this run (likely the slow-path waiters drained
      before kill, or the victim's PUTs hadn't fanned out far enough).
      Try larger PAYLOAD_BYTES, larger WRITERS_PER_KEY, or tune KILL_DELAY.

Warning: Permanently added '192.168.2.191' (ED25519) to the list of known hosts."
180,h18w24p24k0.76r1s10,3,18,24,24,0.76,1,10,6,8,96.15,0,0,0,0,0,0,"  hot keys: 1 rounds x 3 survivors x 18 keys
  cold keys (control): 1 round x 3 survivors x 8 keys

===============================================================
  RESULT
===============================================================
  HOT (contended): 54 / 54 ok    fail: 0   (0.0%)
  COLD (control):  24 / 24 ok    fail: 0   (0.0%)

  --> bug NOT triggered this run (likely the slow-path waiters drained
      before kill, or the victim's PUTs hadn't fanned out far enough).
      Try larger PAYLOAD_BYTES, larger WRITERS_PER_KEY, or tune KILL_DELAY.

Warning: Permanently added '192.168.2.192' (ED25519) to the list of known hosts."
181,h16w40p20k0.55r1s8,0,16,40,20,0.55,1,8,6,8,99.12,0,0,0,0,0,0,"  hot keys: 1 rounds x 3 survivors x 16 keys
  cold keys (control): 1 round x 3 survivors x 8 keys

===============================================================
  RESULT
===============================================================
  HOT (contended): 48 / 48 ok    fail: 0   (0.0%)
  COLD (control):  24 / 24 ok    fail: 0   (0.0%)

  --> bug NOT triggered this run (likely the slow-path waiters drained
      before kill, or the victim's PUTs hadn't fanned out far enough).
      Try larger PAYLOAD_BYTES, larger WRITERS_PER_KEY, or tune KILL_DELAY.

Warning: Permanently added '192.168.2.189' (ED25519) to the list of known hosts."
182,h14w28p16k0.41r2s10,1,14,28,16,0.41,2,10,6,8,91.23,0,0,0,0,0,0,"  hot keys: 2 rounds x 3 survivors x 14 keys
  cold keys (control): 1 round x 3 survivors x 8 keys

===============================================================
  RESULT
===============================================================
  HOT (contended): 84 / 84 ok    fail: 0   (0.0%)
  COLD (control):  24 / 24 ok    fail: 0   (0.0%)

  --> bug NOT triggered this run (likely the slow-path waiters drained
      before kill, or the victim's PUTs hadn't fanned out far enough).
      Try larger PAYLOAD_BYTES, larger WRITERS_PER_KEY, or tune KILL_DELAY.

Warning: Permanently added '192.168.2.190' (ED25519) to the list of known hosts."
183,h10w36p20k0.84r1s10,2,10,36,20,0.84,1,10,6,8,66.03,0,0,0,0,0,0,"  hot keys: 1 rounds x 3 survivors x 10 keys
  cold keys (control): 1 round x 3 survivors x 8 keys

===============================================================
  RESULT
===============================================================
  HOT (contended): 30 / 30 ok    fail: 0   (0.0%)
  COLD (control):  24 / 24 ok    fail: 0   (0.0%)

  --> bug NOT triggered this run (likely the slow-path waiters drained
      before kill, or the victim's PUTs hadn't fanned out far enough).
      Try larger PAYLOAD_BYTES, larger WRITERS_PER_KEY, or tune KILL_DELAY.

Warning: Permanently added '192.168.2.191' (ED25519) to the list of known hosts."
184,h12w32p20k0.80r2s12,3,12,32,20,0.8,2,12,8,8,84.31,0,0,0,0,0,0,"  hot keys: 2 rounds x 3 survivors x 12 keys
  cold keys (control): 1 round x 3 survivors x 8 keys

===============================================================
  RESULT
===============================================================
  HOT (contended): 72 / 72 ok    fail: 0   (0.0%)
  COLD (control):  24 / 24 ok    fail: 0   (0.0%)

  --> bug NOT triggered this run (likely the slow-path waiters drained
      before kill, or the victim's PUTs hadn't fanned out far enough).
      Try larger PAYLOAD_BYTES, larger WRITERS_PER_KEY, or tune KILL_DELAY.

Warning: Permanently added '192.168.2.192' (ED25519) to the list of known hosts."
185,h14w32p12k0.79r2s8,0,14,32,12,0.79,2,8,4,6,85.98,0,0,0,0,0,0,"  hot keys: 2 rounds x 3 survivors x 14 keys
  cold keys (control): 1 round x 3 survivors x 8 keys

===============================================================
  RESULT
===============================================================
  HOT (contended): 84 / 84 ok    fail: 0   (0.0%)
  COLD (control):  24 / 24 ok    fail: 0   (0.0%)

  --> bug NOT triggered this run (likely the slow-path waiters drained
      before kill, or the victim's PUTs hadn't fanned out far enough).
      Try larger PAYLOAD_BYTES, larger WRITERS_PER_KEY, or tune KILL_DELAY.

Warning: Permanently added '192.168.2.189' (ED25519) to the list of known hosts."
186,h14w32p16k0.85r2s10,1,14,32,16,0.85,2,10,6,8,91.16,0,0,0,0,0,0,"  hot keys: 2 rounds x 3 survivors x 14 keys
  cold keys (control): 1 round x 3 survivors x 8 keys

===============================================================
  RESULT
===============================================================
  HOT (contended): 84 / 84 ok    fail: 0   (0.0%)
  COLD (control):  24 / 24 ok    fail: 0   (0.0%)

  --> bug NOT triggered this run (likely the slow-path waiters drained
      before kill, or the victim's PUTs hadn't fanned out far enough).
      Try larger PAYLOAD_BYTES, larger WRITERS_PER_KEY, or tune KILL_DELAY.

Warning: Permanently added '192.168.2.190' (ED25519) to the list of known hosts."
187,h18w24p20k0.82r1s14,2,18,24,20,0.82,1,14,6,8,91.86,0,0,0,0,0,0,"  hot keys: 1 rounds x 3 survivors x 18 keys
  cold keys (control): 1 round x 3 survivors x 8 keys

===============================================================
  RESULT
===============================================================
  HOT (contended): 54 / 54 ok    fail: 0   (0.0%)
  COLD (control):  24 / 24 ok    fail: 0   (0.0%)

  --> bug NOT triggered this run (likely the slow-path waiters drained
      before kill, or the victim's PUTs hadn't fanned out far enough).
      Try larger PAYLOAD_BYTES, larger WRITERS_PER_KEY, or tune KILL_DELAY.

Warning: Permanently added '192.168.2.191' (ED25519) to the list of known hosts."
188,h14w24p16k0.39r3s8,3,14,24,16,0.39,3,8,6,10,100.31,0,0,0,0,0,0,"  hot keys: 3 rounds x 3 survivors x 14 keys
  cold keys (control): 1 round x 3 survivors x 8 keys

===============================================================
  RESULT
===============================================================
  HOT (contended): 126 / 126 ok    fail: 0   (0.0%)
  COLD (control):  24 / 24 ok    fail: 0   (0.0%)

  --> bug NOT triggered this run (likely the slow-path waiters drained
      before kill, or the victim's PUTs hadn't fanned out far enough).
      Try larger PAYLOAD_BYTES, larger WRITERS_PER_KEY, or tune KILL_DELAY.

Warning: Permanently added '192.168.2.192' (ED25519) to the list of known hosts."
189,h14w32p12k0.82r2s10,0,14,32,12,0.82,2,10,6,6,87.39,0,0,0,0,0,0,"  hot keys: 2 rounds x 3 survivors x 14 keys
  cold keys (control): 1 round x 3 survivors x 8 keys

===============================================================
  RESULT
===============================================================
  HOT (contended): 84 / 84 ok    fail: 0   (0.0%)
  COLD (control):  24 / 24 ok    fail: 0   (0.0%)

  --> bug NOT triggered this run (likely the slow-path waiters drained
      before kill, or the victim's PUTs hadn't fanned out far enough).
      Try larger PAYLOAD_BYTES, larger WRITERS_PER_KEY, or tune KILL_DELAY.

Warning: Permanently added '192.168.2.189' (ED25519) to the list of known hosts."
190,h16w28p12k0.72r2s8,1,16,28,12,0.72,2,8,8,6,90.58,0,0,0,0,0,0,"  hot keys: 2 rounds x 3 survivors x 16 keys
  cold keys (control): 1 round x 3 survivors x 8 keys

===============================================================
  RESULT
===============================================================
  HOT (contended): 96 / 96 ok    fail: 0   (0.0%)
  COLD (control):  24 / 24 ok    fail: 0   (0.0%)

  --> bug NOT triggered this run (likely the slow-path waiters drained
      before kill, or the victim's PUTs hadn't fanned out far enough).
      Try larger PAYLOAD_BYTES, larger WRITERS_PER_KEY, or tune KILL_DELAY.

Warning: Permanently added '192.168.2.190' (ED25519) to the list of known hosts."
191,h16w36p16k0.44r2s14,2,16,36,16,0.44,2,14,4,6,114.6,0,0,0,0,0,0,"  hot keys: 2 rounds x 3 survivors x 16 keys
  cold keys (control): 1 round x 3 survivors x 8 keys

===============================================================
  RESULT
===============================================================
  HOT (contended): 96 / 96 ok    fail: 0   (0.0%)
  COLD (control):  24 / 24 ok    fail: 0   (0.0%)

  --> bug NOT triggered this run (likely the slow-path waiters drained
      before kill, or the victim's PUTs hadn't fanned out far enough).
      Try larger PAYLOAD_BYTES, larger WRITERS_PER_KEY, or tune KILL_DELAY.

Warning: Permanently added '192.168.2.191' (ED25519) to the list of known hosts."
192,h14w36p16k0.62r3s12,3,14,36,16,0.62,3,12,8,10,110.43,0,0,0,0,0,0,"  hot keys: 3 rounds x 3 survivors x 14 keys
  cold keys (control): 1 round x 3 survivors x 8 keys

===============================================================
  RESULT
===============================================================
  HOT (contended): 126 / 126 ok    fail: 0   (0.0%)
  COLD (control):  24 / 24 ok    fail: 0   (0.0%)

  --> bug NOT triggered this run (likely the slow-path waiters drained
      before kill, or the victim's PUTs hadn't fanned out far enough).
      Try larger PAYLOAD_BYTES, larger WRITERS_PER_KEY, or tune KILL_DELAY.

Warning: Permanently added '192.168.2.192' (ED25519) to the list of known hosts."
193,h14w36p16k0.42r3s10,0,14,36,16,0.42,3,10,6,6,106.54,0,0,0,0,0,0,"  hot keys: 3 rounds x 3 survivors x 14 keys
  cold keys (control): 1 round x 3 survivors x 8 keys

===============================================================
  RESULT
===============================================================
  HOT (contended): 126 / 126 ok    fail: 0   (0.0%)
  COLD (control):  24 / 24 ok    fail: 0   (0.0%)

  --> bug NOT triggered this run (likely the slow-path waiters drained
      before kill, or the victim's PUTs hadn't fanned out far enough).
      Try larger PAYLOAD_BYTES, larger WRITERS_PER_KEY, or tune KILL_DELAY.

Warning: Permanently added '192.168.2.189' (ED25519) to the list of known hosts."
194,h14w28p8k0.64r1s14,1,14,28,8,0.64,1,14,6,10,79.42,0,0,0,0,0,0,"  hot keys: 1 rounds x 3 survivors x 14 keys
  cold keys (control): 1 round x 3 survivors x 8 keys

===============================================================
  RESULT
===============================================================
  HOT (contended): 42 / 42 ok    fail: 0   (0.0%)
  COLD (control):  24 / 24 ok    fail: 0   (0.0%)

  --> bug NOT triggered this run (likely the slow-path waiters drained
      before kill, or the victim's PUTs hadn't fanned out far enough).
      Try larger PAYLOAD_BYTES, larger WRITERS_PER_KEY, or tune KILL_DELAY.

Warning: Permanently added '192.168.2.190' (ED25519) to the list of known hosts."
195,h14w36p24k0.75r3s10,2,14,36,24,0.75,3,10,4,8,113.6,0,0,0,0,0,0,"  hot keys: 3 rounds x 3 survivors x 14 keys
  cold keys (control): 1 round x 3 survivors x 8 keys

===============================================================
  RESULT
===============================================================
  HOT (contended): 126 / 126 ok    fail: 0   (0.0%)
  COLD (control):  24 / 24 ok    fail: 0   (0.0%)

  --> bug NOT triggered this run (likely the slow-path waiters drained
      before kill, or the victim's PUTs hadn't fanned out far enough).
      Try larger PAYLOAD_BYTES, larger WRITERS_PER_KEY, or tune KILL_DELAY.

Warning: Permanently added '192.168.2.191' (ED25519) to the list of known hosts."
196,h16w36p8k0.76r1s10,3,16,36,8,0.76,1,10,6,8,85.65,0,0,0,0,0,0,"  hot keys: 1 rounds x 3 survivors x 16 keys
  cold keys (control): 1 round x 3 survivors x 8 keys

===============================================================
  RESULT
===============================================================
  HOT (contended): 48 / 48 ok    fail: 0   (0.0%)
  COLD (control):  24 / 24 ok    fail: 0   (0.0%)

  --> bug NOT triggered this run (likely the slow-path waiters drained
      before kill, or the victim's PUTs hadn't fanned out far enough).
      Try larger PAYLOAD_BYTES, larger WRITERS_PER_KEY, or tune KILL_DELAY.

Warning: Permanently added '192.168.2.192' (ED25519) to the list of known hosts."
197,h12w36p16k0.56r2s10,0,12,36,16,0.56,2,10,8,6,83.06,0,0,0,0,0,0,"  hot keys: 2 rounds x 3 survivors x 12 keys
  cold keys (control): 1 round x 3 survivors x 8 keys

===============================================================
  RESULT
===============================================================
  HOT (contended): 72 / 72 ok    fail: 0   (0.0%)
  COLD (control):  24 / 24 ok    fail: 0   (0.0%)

  --> bug NOT triggered this run (likely the slow-path waiters drained
      before kill, or the victim's PUTs hadn't fanned out far enough).
      Try larger PAYLOAD_BYTES, larger WRITERS_PER_KEY, or tune KILL_DELAY.

Warning: Permanently added '192.168.2.189' (ED25519) to the list of known hosts."
198,h18w28p20k0.88r3s12,1,18,28,20,0.88,3,12,4,8,130.37,0,0,0,0,0,0,"  hot keys: 3 rounds x 3 survivors x 18 keys
  cold keys (control): 1 round x 3 survivors x 8 keys

===============================================================
  RESULT
===============================================================
  HOT (contended): 162 / 162 ok    fail: 0   (0.0%)
  COLD (control):  24 / 24 ok    fail: 0   (0.0%)

  --> bug NOT triggered this run (likely the slow-path waiters drained
      before kill, or the victim's PUTs hadn't fanned out far enough).
      Try larger PAYLOAD_BYTES, larger WRITERS_PER_KEY, or tune KILL_DELAY.

Warning: Permanently added '192.168.2.190' (ED25519) to the list of known hosts."
199,h18w36p12k0.81r2s8,2,18,36,12,0.81,2,8,6,10,125.53,0,0,0,0,0,0,"  hot keys: 2 rounds x 3 survivors x 18 keys
  cold keys (control): 1 round x 3 survivors x 8 keys

===============================================================
  RESULT
===============================================================
  HOT (contended): 108 / 108 ok    fail: 0   (0.0%)
  COLD (control):  24 / 24 ok    fail: 0   (0.0%)

  --> bug NOT triggered this run (likely the slow-path waiters drained
      before kill, or the victim's PUTs hadn't fanned out far enough).
      Try larger PAYLOAD_BYTES, larger WRITERS_PER_KEY, or tune KILL_DELAY.

Warning: Permanently added '192.168.2.191' (ED25519) to the list of known hosts."
200,h14w40p16k0.74r1s10,3,14,40,16,0.74,1,10,6,6,81.81,0,0,0,0,0,0,"  hot keys: 1 rounds x 3 survivors x 14 keys
  cold keys (control): 1 round x 3 survivors x 8 keys

===============================================================
  RESULT
===============================================================
  HOT (contended): 42 / 42 ok    fail: 0   (0.0%)
  COLD (control):  24 / 24 ok    fail: 0   (0.0%)

  --> bug NOT triggered this run (likely the slow-path waiters drained
      before kill, or the victim's PUTs hadn't fanned out far enough).
      Try larger PAYLOAD_BYTES, larger WRITERS_PER_KEY, or tune KILL_DELAY.

Warning: Permanently added '192.168.2.192' (ED25519) to the list of known hosts."
